,cell.type,cytokine.condition,donor.id,batch.10X,nGene,nUMI,percent.mito,S.Score,G2M.Score,Phase,cluster.id,effectorness
N_Th2_r1_GCATACACAGTAGAGC,Naive,Th2,D3,1,2890,15616,0.0528338136407301,-0.141680073561663,-0.229996117745557,G1,TN,0.359369342732229
N_Th2_r1_TAGAGCTGTTAAGATG,Naive,Th2,D2,1,3672,18645,0.0406028749195452,0.0096707313525217,-0.0515324407002584,S,TN,0.330298523249103
M_Th17_r1_TCTTTCCAGCACGCCT,Memory,Th17,D3,1,4375,19334,0.019608857615894,-0.239273709569339,-0.278496331692831,G1,TEM,0.0842265252212193
M_Th17_r2_GAGGTGACAGGCGATA,Memory,Th17,D3,2,3714,18852,0.0363356673032039,0.111575839897319,0.663065185283238,G2M,TCM,0.566854805330636
N_Th17_r1_CTCGTACAGTGGCACA,Naive,Th17,D2,1,1899,7193,0.0154338153503893,-0.138267786503117,-0.193798067612455,G1,TN,0.365238674443659
M_Th17_r2_TGAGCATCATTCTTAC,Memory,Th17,D1,2,5762,41475,0.0410136471042099,0.22183114294099,0.182050742688369,S,TCM,0.596319371188727
M_iTreg_r2_GACAGAGTCTCGCTTG,Memory,iTreg,D2,2,6036,47781,0.0388463309472979,-0.1183457368912,0.482558800755133,G2M,TEM,0.81118179624425
M_iTreg_r2_GCTGCTTGTACGAAAT,Memory,iTreg,D2,2,4475,22769,0.0533181079537968,0.328880938720214,0.0477291983750169,S,TCM,0.725393293256667
M_iTreg_r2_TAAGCGTGTTGAGGTG,Memory,iTreg,D4,2,6060,48422,0.0361244216787839,0.0375863372276875,0.345744532475089,G2M,TCM,0.765112083173301
M_Th17_r2_GAACATCAGCTAGTCT,Memory,Th17,D3,2,1833,7273,0.0166437414030261,-0.211833664178953,-0.214383768875054,G1,TEM,0.440390418515937
N_Th17_r1_TGCGCAGCATGCCTTC,Naive,Th17,D1,1,7210,67042,0.0376944763495876,-0.0457525329418848,0.380635292632913,G2M,TN,0.0716778679946187
N_Th2_r1_TCAGGTAAGCTGTCTA,Naive,Th2,D2,1,5089,33247,0.0304716640596799,-0.16631193601592,0.365398540302604,G2M,TN,0.399609540766039
N_Th17_r1_GTGCAGCTCGCCAGCA,Naive,Th17,D1,1,5257,32458,0.0365737174549376,-0.167966784357381,0.774201492696158,G2M,TN,0.0518678116378827
M_Th17_r1_GTTACAGTCAGTTAGC,Memory,Th17,D2,1,5237,27426,0.0393829996718083,0.15682934390341,-0.0046977619496916,S,TN,0.0969237432852598
N_Th17_r1_CAACCTCGTCTAACGT,Naive,Th17,D2,1,4223,21379,0.0228739825989335,-0.101363246656677,-0.241551689397971,G1,TEM,0.377864890039207
M_Th17_r2_AAAGCAAGTCTTCAAG,Memory,Th17,D4,2,4230,20018,0.0294793644448886,-0.169159321520509,-0.264594289589125,G1,TEM,0.814393433780693
M_Th17_r2_AAGTCTGCAAACTGTC,Memory,Th17,D4,2,3973,24248,0.0151352688881557,-0.211420402285343,-0.260177098677409,G1,TEM,0.093464550197751
M_Th17_r2_CACAAACGTAGTAGTA,Memory,Th17,D4,2,4851,33183,0.0351696703031764,0.281646769907897,0.137497237344057,S,TCM,0.815282070247622
M_Th17_r2_CTCGGGATCGTTTAGG,Memory,Th17,D3,2,3951,18319,0.0223823561524184,0.259282631094134,-0.103643874549544,S,TN,0.162825460515606
M_Th17_r2_GACGTTATCCCAACGG,Memory,Th17,D3,2,4844,28773,0.0352761269245473,0.0771454364506068,-0.0332993916995498,S,TEM,0.430430859091027
M_Th17_r2_GTTTCTAGTCTTTCAT,Memory,Th17,D3,2,4722,37316,0.0103714423540762,-0.240175798630183,-0.275349394890477,G1,TEM,0.0878421704537749
M_Th0_r2_CTAAGACCATCCAACA,Memory,Th0,D4,2,5043,36570,0.0278150042392583,0.0115578886380599,0.0758182118641285,G2M,TEM,0.865962436466343
M_Th17_r1_AATCCAGTCGTCCGTT,Memory,Th17,D4,1,5046,24738,0.0298350582147477,0.0521602010670648,-0.161245238299891,S,TEM,0.381883501965383
M_Th17_r1_ACGGAGACACACTGCG,Memory,Th17,D2,1,4963,26966,0.0388637543573389,0.147644226325268,0.0502501959333053,S,TEM,0.382823990604472
M_Th17_r1_ACTGCTCGTTGCGTTA,Memory,Th17,D1,1,3428,15927,0.0114271363094117,-0.133357368576042,-0.221960291738338,G1,TEM,0.760374124847101
M_Th17_r1_CAACCTCAGAGGTAGA,Memory,Th17,D1,1,3425,18375,0.0323353293413174,-0.197225670216107,-0.216696615011613,G1,TEM,0.0641632352091692
M_Th17_r1_CCGTACTAGCTACCTA,Memory,Th17,D2,1,5010,27592,0.0287402145549435,-0.238311009133884,-0.228871782890452,G1,TEM,0.709639095491209
M_Th17_r1_CCGTTCAAGTACGCGA,Memory,Th17,D1,1,2201,6776,0.034681227863046,-0.103471443224247,-0.282118194720887,G1,TEM,0.368978710299272
M_Th17_r1_CGTCCATTCTCGATGA,Memory,Th17,D1,1,4758,23438,0.0400238948626045,-0.0547380690781826,-0.204377372528171,G1,TEM,0.830819156120596
M_Th17_r1_GAACATCCATAGTAAG,Memory,Th17,D1,1,5214,29425,0.0546813933729822,0.12119589216436,0.522081439691357,G2M,TEM,0.621842294016297
M_Th17_r1_TCTCTAACATCTCGCT,Memory,Th17,D3,1,5882,41129,0.0263810542695974,-0.0979728609709775,0.494236848342239,G2M,TCM,0.805911752575711
M_Th17_r1_TTTCCTCAGTAACCCT,Memory,Th17,D4,1,5742,32672,0.0317100792751982,0.27754409352262,0.0531693767032864,S,TCM,0.697432485400097
M_iTreg_r1_AGGGAGTCACATTTCT,Memory,iTreg,D4,1,4334,18435,0.0330349877949552,0.118787258762914,0.258186047423779,G2M,TEM,0.37281107407077
M_iTreg_r1_CCAGCGAGTCTAGCGC,Memory,iTreg,D3,1,5043,25590,0.0215343729237503,-0.0425532710778998,-0.228572915229817,G1,TEM,0.851969291688065
M_iTreg_r1_CCTAAAGAGACAAAGG,Memory,iTreg,D1,1,4788,21429,0.0123197536049279,0.0006184930601438,0.675960903157594,G2M,TEM,0.821655069420766
M_iTreg_r1_CTGCTGTGTAAGCACG,Memory,iTreg,D1,1,2873,10630,0.0100677455777192,-0.178596879066026,-0.275244984698165,G1,TEM,0.329154407061269
M_iTreg_r1_GAACCTAGTCCGACGT,Memory,iTreg,D1,1,4981,20739,0.0508703409036116,0.0829667986846743,0.0290370273589519,S,TEM,0.888188826881436
M_iTreg_r1_GGCTCGAGTCGCATAT,Memory,iTreg,D3,1,4709,21334,0.0724698823419116,0.212515719817577,0.066059046810449,S,TEM,0.882016975743771
M_iTreg_r1_GTAACTGCACCATGTA,Memory,iTreg,D1,1,4010,17365,0.0275858097212624,-0.181155763045893,-0.297784481453831,G1,TEM,0.712702296029886
M_iTreg_r1_TGGACGCAGTACGCCC,Memory,iTreg,D3,1,3251,10567,0.0206322165436305,-0.218405433054906,-0.207349989587828,G1,TEM,0.836368363641374
M_iTreg_r1_TTGGCAACATACTCTT,Memory,iTreg,D4,1,5250,23786,0.0314904351482026,0.303227871570538,0.216843260435284,S,TEM,0.697471362464141
M_iTreg_r2_GTGCTTCCACGAAACG,Memory,iTreg,D3,2,5353,32440,0.0286383673972687,-0.0971816594285135,0.300037562652565,G2M,TEM,0.724866057701287
N_Th2_r1_GGACATTAGACATAAC,Naive,Th2,D1,1,2714,15038,0.0242734588016227,-0.0396222669552976,-0.166719983192322,G1,TN,0.119351196333118
M_Th17_r1_TCGTACCGTGTTTGGT,Memory,Th17,D4,1,2802,7630,0.0558468799160986,0.549901469227043,-0.0740776850557887,S,TCM,0.766279960413013
M_iTreg_r2_CATCAGAGTTTACTCT,Memory,iTreg,D1,2,5393,38420,0.0584101202561299,0.0848460566164441,-0.144845297122824,S,TCM,0.780981937173829
M_Th17_r1_TCTTTCCTCAGTTTGG,Memory,Th17,D2,1,3706,13581,0.0222369486783006,-0.150701892056147,-0.224135101766888,G1,TEM,0.764483535785823
M_Th17_r2_ATGCGATTCTTCAACT,Memory,Th17,D2,2,4681,22769,0.0270578933497321,0.282418190453954,-0.115575124449278,S,TEM,0.677761856528758
M_Th17_r1_TGACTAGTCGGATGTT,Memory,Th17,D4,1,4770,23625,0.031916694886556,-0.0927314511542609,-0.252233183955899,G1,TEM,0.739324917623859
M_iTreg_r1_GCAATCATCAGGCAAG,Memory,iTreg,D1,1,3518,11095,0.0197386210004507,-0.29355704729796,-0.254834911027249,G1,TCM,0.700277504161046
M_Th17_r1_GTCTTCGGTCTGCAAT,Memory,Th17,D1,1,3133,9063,0.0381814169057603,-0.011974752018044,-0.31262527155437,G1,TCM,0.919083790108705
N_iTreg_r1_AAGGTTCTCTATCGCC,Naive,iTreg,D3,1,3245,13987,0.0605692219679634,0.20669870517267,-0.107893673933223,S,TN,0.435696093032773
N_iTreg_r2_AACTCCCCAAGGCTCC,Naive,iTreg,D1,2,4662,27728,0.0258953366754427,-0.0855208488543349,0.723871200461173,G2M,TN,0.0880498563829367
N_Th17_r1_GTGCGGTTCCATGAAC,Naive,Th17,D3,1,5060,30132,0.0342824903756803,0.191161160417825,-0.149679228998724,S,TN,0.224383664278206
N_iTreg_r1_CTCGGGAAGCACCGCT,Naive,iTreg,D3,1,3853,19151,0.0589095466889492,0.214426213259035,-0.133222286198236,S,TN,0.281776185517649
N_Th17_r2_CGTAGCGGTATAATGG,Naive,Th17,D3,2,3541,20384,0.0418976598145513,-0.032813703409118,-0.209284409025671,G1,TN,0.321985291406187
M_iTreg_r1_GCAAACTAGCTGCGAA,Memory,iTreg,D1,1,5453,35122,0.0316913439635535,0.22044843025323,-0.028073458370775,S,TEM,0.852128783318461
N_iTreg_r1_CCTAGCTGTGCCTGGT,Naive,iTreg,D1,1,3303,12797,0.0475929978118162,0.0267916253868327,-0.260584622029957,S,TN,0.274056266905746
N_iTreg_r1_TAGTGGTAGGATGGAA,Naive,iTreg,D4,1,4901,26566,0.0229993224422194,0.250237274522041,-0.133329946461469,S,TN,0.10493663762923
N_iTreg_r2_TCGCGAGAGTCTTGCA,Naive,iTreg,D1,2,3233,12482,0.0631410256410256,-0.0387692384278859,-0.330007377034744,G1,TN,0.650375228701214
N_iTreg_r2_TCGTAGAAGGAGTTGC,Naive,iTreg,D4,2,4239,21766,0.022700119474313,0.331687676480785,0.0355523535200356,S,TN,0.319551860908005
M_iTreg_r1_ACTGCTCCAAGCGCTC,Memory,iTreg,D2,1,5501,29910,0.0342026078234704,0.494871123425368,0.0567086456722818,S,TEM,0.691471597696443
M_iTreg_r1_TATCAGGCACATGTGT,Memory,iTreg,D3,1,5447,31958,0.0333896607835774,0.162364490726785,0.39700418304632,G2M,TEM,0.761168697861448
M_iTreg_r1_TTCTTAGGTGTCGCTG,Memory,iTreg,D2,1,4496,21989,0.0402528882015828,0.311475461291596,0.222691247496276,S,TCM,0.782271314837226
M_Th17_r1_TCAGGTAAGGGCACTA,Memory,Th17,D2,1,4671,21878,0.0368931151138338,0.286883068130342,0.322814956043704,G2M,TCM,0.916579167412851
M_iTreg_r1_CAAGGCCGTTCGGGCT,Memory,iTreg,D3,1,4715,22626,0.0739447513812155,0.555043671355638,0.118711098698605,S,TEM,0.782918490469426
N_Th17_r2_ATTGGTGTCTAACTTC,Naive,Th17,D2,2,4532,25971,0.0436640868661199,0.323683543672463,0.12951843227639,S,TCM,0.625740505273266
N_Th17_r2_TCAATCTAGCCCGAAA,Naive,Th17,D2,2,3452,17563,0.026362238797472,-0.109174307149757,-0.206888888681556,G1,TN,0.0939976829554713
M_iTreg_r1_ACATACGAGCGGCTTC,Memory,iTreg,D3,1,2747,12442,0.0118961498271843,0.061207271288545,-0.196559332557577,S,TN,0.0714197106460825
M_Th17_r2_ACGCCAGGTTGCGTTA,Memory,Th17,D2,2,4877,33559,0.0410346574485204,0.0885517938909258,-0.233782710192827,S,TCM,0.76819860123706
M_Th17_r2_ACTTTCAAGGCTATCT,Memory,Th17,D1,2,4138,22393,0.027249173590637,0.330774939583057,0.0812155774982393,S,TCM,0.66535799114992
M_Th17_r2_AGCTCTCAGTCAATAG,Memory,Th17,D2,2,4154,20221,0.0403540873349488,0.403571604641647,0.0632005495902011,S,TCM,0.770682292372657
M_Th17_r2_AGTGGGAGTCCATCCT,Memory,Th17,D4,2,6007,60249,0.0352056568070909,0.113969357157684,0.519225853737758,G2M,TCM,0.592607543672087
M_Th17_r2_AGTTGGTCAATCAGAA,Memory,Th17,D2,2,4439,24670,0.0383492784173828,0.422736263154646,0.0169064965229051,S,TCM,0.780443744549274
M_Th17_r2_ATCACGAGTCCCTACT,Memory,Th17,D2,2,3772,18614,0.0294955138881427,0.101205939630251,-0.196174498954983,S,TCM,0.766612920643973
M_Th17_r2_ATGTGTGCATTGCGGC,Memory,Th17,D1,2,4922,31043,0.0456170870783802,0.155487871698558,0.225534054590103,G2M,TCM,0.930877021509689
M_Th17_r2_CACCAGGGTCTCTCTG,Memory,Th17,D2,2,3244,12339,0.0349327281569136,-0.158423565646048,-0.303658652905942,G1,TEM,0.71085704204009
M_Th17_r2_CAGAGAGGTTTCCACC,Memory,Th17,D4,2,4484,23902,0.0356903765690377,0.248398012347833,0.180572202851186,S,TCM,0.767813873461234
M_Th17_r2_CAGATCAAGGGAGTAA,Memory,Th17,D1,2,3069,12905,0.0291382517048977,-0.107315496435484,-0.252672132262838,G1,TCM,0.803885848495825
M_Th17_r2_CAGCATAGTCGTTGTA,Memory,Th17,D3,2,3578,14797,0.0304791511792931,0.371046918414647,0.131583076740947,S,TCM,0.795503764365494
M_Th17_r2_CATGGCGCAAGCGATG,Memory,Th17,D2,2,3406,17253,0.0295617899373986,-0.159024498264319,-0.22081941686061,G1,TCM,0.925796258807346
M_Th17_r2_CCACCTAAGCAGCCTC,Memory,Th17,D4,2,5952,43667,0.04149871747893,0.194609996146183,0.157548576626613,S,TCM,0.759963871351479
M_Th17_r2_CCTATTATCCCTTGTG,Memory,Th17,D2,2,3004,10833,0.0330471706821748,-0.200702035761556,-0.251628319517968,G1,TCM,0.690732353525266
M_Th17_r2_CGCTGGACATTAACCG,Memory,Th17,D4,2,5058,40316,0.0308570011162098,0.127948141727589,-0.154675887235893,S,TCM,0.73301597703059
M_Th17_r2_GGAGCAAAGTGGAGAA,Memory,Th17,D4,2,5225,42247,0.0295182861877145,0.251775453124436,-0.0180691856229141,S,TCM,0.938201966674539
M_Th17_r2_GGGACCTCACCCAGTG,Memory,Th17,D3,2,4776,32869,0.0376365351264186,0.0969180324613989,-0.130839976531162,S,TCM,0.749084476165767
M_Th17_r2_GGGTCTGGTAGCGTAG,Memory,Th17,D1,2,5607,45546,0.0369305082885059,0.179626684642227,0.206243221134766,G2M,TCM,0.913013303030409
M_Th17_r2_GTAACTGCAGTATGCT,Memory,Th17,D2,2,5054,37466,0.0371833542428529,0.127602300436634,-0.0637694147743151,S,TCM,0.67578748917097
M_Th17_r2_GTTACAGCAGTGACAG,Memory,Th17,D1,2,5923,57386,0.0387028195030147,-0.0514739563958873,0.464669397384104,G2M,TCM,0.582550243587683
M_Th17_r2_TACTCGCCAGACAAGC,Memory,Th17,D4,2,5846,47501,0.0438755316013306,0.137794326706195,0.244538128500091,G2M,TCM,0.764913626140731
M_Th17_r2_TAGGCATAGATAGCAT,Memory,Th17,D1,2,5333,32815,0.0537254304433948,0.210007431290686,-0.0526009842334775,S,TCM,0.898948023021324
M_Th17_r2_TCGTACCGTTAAGACA,Memory,Th17,D4,2,3731,17335,0.0371545606646282,0.206848956020585,-0.167144487111881,S,TCM,0.772029271133359
M_Th17_r2_TCTTCGGGTTGCGTTA,Memory,Th17,D3,2,3587,16266,0.0502889462682897,0.253417620335496,-0.198537899548257,S,TCM,0.760207744481785
M_Th17_r2_TGCGCAGAGCCGTCGT,Memory,Th17,D3,2,4256,23862,0.0442125555276171,0.158033027184477,-0.173874487685743,S,TCM,0.72942240353309
M_Th17_r2_TGCGCAGAGGTGCACA,Memory,Th17,D3,2,4605,27184,0.0380752676305044,0.371582410521892,0.101228531416172,S,TCM,0.757566477733392
M_Th17_r2_TGCGTGGAGTTTGCGT,Memory,Th17,D1,2,3595,17430,0.0527282116013541,0.114246099847823,-0.19449923389779,S,TCM,0.767635454717332
M_Th17_r2_TGGTTCCTCAGTTCGA,Memory,Th17,D2,2,4361,24610,0.0231631989596879,0.0189340096017839,-0.181840788007957,S,TCM,0.776384257645908
M_Th17_r2_TGTATTCCACTTAAGC,Memory,Th17,D1,2,2932,11249,0.039651493598862,-0.223552174427296,-0.224444146949183,G1,TCM,0.778294199208638
M_Th17_r2_TTTGCGCTCAACGGCC,Memory,Th17,D2,2,2478,9261,0.0157650361731994,0.0416344942054382,-0.200932162920653,S,TCM,0.578352147914314
M_Th0_r1_CCTAAAGAGAAGAAGC,Memory,Th0,D3,1,4079,21179,0.0173765228066862,-0.125190053099094,-0.150448171171902,G1,TCM,0.672862492840042
M_Th17_r1_AAACGGGTCATGCAAC,Memory,Th17,D2,1,3384,13962,0.016189111747851,-0.197421481018293,-0.131191209197064,G1,TCM,0.891330050806753
M_Th17_r1_AAGGCAGAGTCGCCGT,Memory,Th17,D4,1,3914,22930,0.0458351504579154,0.366524183872517,0.0208367473291072,S,TCM,0.759719194975155
M_Th17_r1_ACATGGTTCTGCGGCA,Memory,Th17,D3,1,2455,7118,0.074037651025569,-0.157059701374391,-0.265935301199933,G1,TCM,0.797018007712992
M_Th17_r1_ACTGAGTGTCAATACC,Memory,Th17,D4,1,5700,32968,0.0679508569695131,0.143073851923247,0.36567442588816,G2M,TCM,0.900633674287271
M_Th17_r1_ACTTGTTCATGGTCTA,Memory,Th17,D4,1,4476,21609,0.0320714550166605,0.347314133956187,-0.0896817469950408,S,TCM,0.663809196311434
M_Th17_r1_AGGGATGAGCGGCTTC,Memory,Th17,D3,1,2942,13546,0.0298981249077218,-0.157705536120581,-0.0859984100998243,G1,TCM,0.911073332710715
M_Th17_r1_ATAGACCGTAAACCTC,Memory,Th17,D3,1,2541,5356,0.0640403286034354,-0.134316677586723,-0.137067251099585,G1,TCM,0.389142010562115
M_Th17_r1_ATTATCCGTGTGGTTT,Memory,Th17,D3,1,2892,9098,0.0628778718258767,0.242129028264237,0.11488949077629,S,TCM,0.785707840354757
M_Th17_r1_CAGTAACCATGACGGA,Memory,Th17,D4,1,2657,9392,0.0290672913117547,-0.221052805560582,-0.241896954030084,G1,TCM,0.816374336267572
M_Th17_r1_CATCCACTCGTCCGTT,Memory,Th17,D4,1,4798,26110,0.0416730504060058,0.246913353318961,-0.13855726255505,S,TCM,0.750375501053259
M_Th17_r1_CATGACACAAGCCATT,Memory,Th17,D3,1,5133,29602,0.0373673896884925,0.383391715142818,0.166877166005441,S,TCM,0.919924596637838
M_Th17_r1_CATGACAGTGCAGACA,Memory,Th17,D4,1,2980,11003,0.0201763155503045,-0.139899628005278,0.690706236900013,G2M,TCM,0.784237944271669
M_Th17_r1_CGAACATTCGATAGAA,Memory,Th17,D4,1,3815,14906,0.0533342278277204,0.39472079561682,0.0818077170363577,S,TCM,0.738100391607639
M_Th17_r1_CGGAGCTAGAAGATTC,Memory,Th17,D3,1,3034,10357,0.0605504587155963,0.136706485150352,-0.281471704686919,S,TCM,0.748089618895337
M_Th17_r1_CGGTTAAGTGCTGTAT,Memory,Th17,D2,1,3557,13438,0.0500111632060728,0.247361445375601,-0.121014827189026,S,TCM,0.721549213360106
M_Th17_r1_CGTCTACCACCCAGTG,Memory,Th17,D2,1,4116,18168,0.0421116371242981,-0.203203329971466,-0.285810528533081,G1,TCM,0.910846177875696
M_Th17_r1_CTGATAGAGTATTGGA,Memory,Th17,D4,1,4875,26436,0.0365816751153817,0.256217568253291,-0.21967137289313,S,TCM,0.770076444692135
M_Th17_r1_CTGCTGTGTTATGCGT,Memory,Th17,D3,1,5030,32042,0.0480961298377029,0.384511383788188,-0.0506688582914043,S,TCM,0.584522504239278
M_Th17_r1_GACACGCAGCTTCGCG,Memory,Th17,D4,1,4713,22242,0.0488265443755058,0.172220261455803,-0.141071143923187,S,TCM,0.689000970526503
M_Th17_r1_GCTTCCATCAGTTTGG,Memory,Th17,D4,1,3201,12267,0.0547811200782587,0.0788114394965988,-0.180297942517215,S,TCM,0.756974802247508
M_Th17_r1_GGGTTGCCATTCCTCG,Memory,Th17,D3,1,3975,16970,0.0410135533294048,-0.165520137267672,-0.232697822312967,G1,TCM,0.839015555806497
M_Th17_r1_GTACGTATCACGCGGT,Memory,Th17,D2,1,5048,29147,0.0300212722157414,0.37634901507588,0.125874184255371,S,TCM,0.762586464069656
M_Th17_r1_GTCGTAAAGTGCAAGC,Memory,Th17,D2,1,2986,10066,0.0375633508893968,-0.180047368510138,-0.222297616681315,G1,TCM,0.774598067732208
M_Th17_r1_TGCGCAGGTTAGAACA,Memory,Th17,D1,1,4193,18009,0.0375367871619746,0.316430192610834,-0.19806044893415,S,TCM,0.909254307453243
M_Th17_r1_TTAGGCATCTGTCTCG,Memory,Th17,D4,1,4683,20712,0.0321100917431193,0.429392002611696,-0.0487212372023463,S,TCM,0.779026516348839
M_Th17_r1_TTGACTTAGGCATTGG,Memory,Th17,D4,1,4752,23716,0.0399308483724068,0.348758955859902,-0.109591287410202,S,TCM,0.738433362483587
M_iTreg_r1_AAGGAGCTCGTAGGAG,Memory,iTreg,D4,1,5815,34618,0.0295816963253987,-0.081142253273969,0.335536165806705,G2M,TCM,0.894307549916229
M_iTreg_r1_ACATGGTAGTGATCGG,Memory,iTreg,D4,1,4042,16043,0.0292357561401322,0.455589303407951,-0.132872618374509,S,TCM,0.762335366527463
M_iTreg_r1_ATTGGTGGTGAACCTT,Memory,iTreg,D3,1,3612,12216,0.0321709233791749,0.341585377474014,-0.0585185201882347,S,TCM,0.791207677184956
M_iTreg_r1_CAAGAAACAGGCGATA,Memory,iTreg,D4,1,3656,13667,0.0455842540425843,0.056276966866365,-0.192617581058779,S,TCM,0.809624748437468
M_iTreg_r1_CAGCAGCAGCAGCCTC,Memory,iTreg,D2,1,4918,27097,0.0407809270741069,-0.0788645617324101,-0.187276748942982,G1,TCM,0.826423470662565
M_iTreg_r1_CATATGGGTGTTTGTG,Memory,iTreg,D4,1,5336,27405,0.0305452156776878,0.318610925998224,-0.163567080312666,S,TCM,0.889588114584775
M_iTreg_r1_CATCGAAAGTGGTCCC,Memory,iTreg,D4,1,3878,16454,0.0388355415096633,-0.208375525542982,-0.271916448700436,G1,TCM,0.889390669803006
M_iTreg_r1_CCTAAAGAGCTTTGGT,Memory,iTreg,D1,1,4127,17673,0.0367226843207152,0.203264094461136,-0.15052628145134,S,TCM,0.825674215218126
M_iTreg_r1_CCTAAAGGTCGAACAG,Memory,iTreg,D3,1,4691,21935,0.0287668110325963,0.307514121599325,0.0665106476519811,S,TCM,0.773419344868664
M_iTreg_r1_CCTAAAGTCTTGGGTA,Memory,iTreg,D1,1,4527,23624,0.0374195733152726,0.0424006557635454,-0.127355877275343,S,TCM,0.807143220533613
M_iTreg_r1_CGATCGGTCATGTAGC,Memory,iTreg,D4,1,5064,28257,0.0437783125707814,0.170442888729032,-0.178175780908577,S,TCM,0.818975645286743
M_iTreg_r1_CGTGAGCTCCACTGGG,Memory,iTreg,D1,1,4737,23528,0.0537277905296268,0.0097439127306518,0.827162207662281,G2M,TCM,0.771895784037613
M_iTreg_r1_CTCTGGTGTCATATCG,Memory,iTreg,D2,1,3903,15493,0.0340799070547989,0.0155034137774267,-0.235878645401067,S,TCM,0.769586215807203
M_iTreg_r1_CTTAACTGTGGCAAAC,Memory,iTreg,D2,1,5803,38588,0.0382302628168576,0.240184042558588,-0.0704920040780053,S,TCM,0.768847499946965
M_iTreg_r1_GACAGAGGTCTAAACC,Memory,iTreg,D2,1,3985,14531,0.0314543327138826,-0.259963006263847,-0.190729976065218,G1,TCM,0.783721857041994
M_iTreg_r1_GCAGTTAGTTAGATGA,Memory,iTreg,D2,1,4943,26621,0.0289642736391299,0.529235843643055,0.251757707671443,S,TCM,0.804015485691836
M_iTreg_r1_GCGCGATCACGAAAGC,Memory,iTreg,D2,1,3171,10268,0.021523178807947,0.0823696340785096,-0.191082453298591,S,TCM,0.713495636761484
M_iTreg_r1_GGAAAGCGTTCCATGA,Memory,iTreg,D4,1,4570,22478,0.0320327445833519,0.289081144429467,0.046228500658179,S,TCM,0.809827751599007
M_iTreg_r1_GTTACAGGTCCAACTA,Memory,iTreg,D3,1,5594,30192,0.0341492497764234,0.0141751495965236,0.753168178260263,G2M,TCM,0.68010675628507
M_iTreg_r1_TAAGTGCCATATGAGA,Memory,iTreg,D1,1,5478,27579,0.044602386046343,0.365906167904128,-0.113791514099079,S,TCM,0.762202739582804
M_iTreg_r1_TCGCGAGGTTACGTCA,Memory,iTreg,D2,1,6200,45113,0.0480592316729844,0.224650440888324,0.357848916296054,G2M,TCM,0.771470108947316
M_iTreg_r1_TGCCCATAGTGTTAGA,Memory,iTreg,D4,1,2778,6941,0.0337175792507205,0.384746343111357,-0.0342595258590189,S,TCM,0.765059644167972
M_iTreg_r1_TGTGTTTTCAGGCCCA,Memory,iTreg,D2,1,5668,36900,0.0443113447883354,0.146761952880847,0.125900746847011,S,TCM,0.807532242239498
M_iTreg_r1_TTCCCAGCAAATACAG,Memory,iTreg,D2,1,5621,27335,0.0486957158014122,0.179003013184163,0.478665061054092,G2M,TCM,0.781500604153816
M_iTreg_r1_TTTGGTTCATCCGGGT,Memory,iTreg,D3,1,4628,22053,0.0280233981771188,0.129987020059658,0.841656486513004,G2M,TCM,0.774580662585528
M_iTreg_r2_AAGGTTCAGAGTCTGG,Memory,iTreg,D2,2,4811,29981,0.0290527018012008,0.197436985389198,-0.0588935657600349,S,TCM,0.806125470481434
M_iTreg_r2_ACGAGCCCAGTCGATT,Memory,iTreg,D1,2,3260,15019,0.0412810440109195,-0.0452039827738763,-0.236889939744204,G1,TCM,0.824225126294128
M_iTreg_r2_ACGAGCCTCCGCATAA,Memory,iTreg,D4,2,5054,27997,0.0350776924450795,0.0953210022257551,0.100100833117028,G2M,TCM,0.863346687262709
M_iTreg_r2_ACTTACTTCGATGAGG,Memory,iTreg,D2,2,3453,14295,0.0511367611052816,0.0223136250989014,-0.234098525110121,S,TCM,0.76455973619673
M_iTreg_r2_AGACGTTGTGTATGGG,Memory,iTreg,D4,2,5085,31461,0.0485998537872286,0.19523956400458,-0.256683047493424,S,TCM,0.772272226359725
M_iTreg_r2_AGCCTAAAGAGTGAGA,Memory,iTreg,D4,2,5395,36491,0.031679912304741,-0.0747382197489357,0.592944042020116,G2M,TCM,0.774659787997556
M_iTreg_r2_AGCGGTCGTCTCACCT,Memory,iTreg,D1,2,4934,22396,0.0482250502344273,-0.150971040148544,0.698739515242089,G2M,TCM,0.815084720860045
M_iTreg_r2_AGTGGGACATTAGGCT,Memory,iTreg,D4,2,4400,20434,0.0306382145653876,0.621754375004843,-0.0957926594999188,S,TCM,0.789507921307263
M_iTreg_r2_ATGGGAGAGATGTCGG,Memory,iTreg,D2,2,4531,26002,0.0476117221752173,0.274040179103268,-0.222516836740919,S,TCM,0.771106762507867
M_iTreg_r2_CAAGTTGAGTGCCAGA,Memory,iTreg,D3,2,4321,20531,0.0356064296151973,0.111718169790104,0.699595361860017,G2M,TCM,0.773173614867647
M_iTreg_r2_CACAGGCAGCCAGAAC,Memory,iTreg,D4,2,5263,36118,0.0440814066177489,0.157288158409266,0.145317458205238,S,TCM,0.886443381387171
M_iTreg_r2_CAGTAACCAACACCTA,Memory,iTreg,D1,2,3853,17686,0.031891433418151,-0.115052623719564,-0.263162386616744,G1,TCM,0.811099027427912
M_iTreg_r2_CATCGGGAGTCAAGCG,Memory,iTreg,D4,2,4467,24036,0.0265041191645169,0.269125570189873,0.142661214195838,S,TCM,0.786788496250202
M_iTreg_r2_CCACGGAGTCGTGGCT,Memory,iTreg,D4,2,5432,31889,0.0455058646427899,0.146037059631562,0.356836312296069,G2M,TCM,0.82294661704781
M_iTreg_r2_CCTACACAGGTGCTTT,Memory,iTreg,D4,2,3924,19091,0.0448902624273218,0.028142350518111,-0.0533535947845555,S,TCM,0.759022979779735
M_iTreg_r2_CGAGCACTCGTGACAT,Memory,iTreg,D2,2,3778,16359,0.0226189020662673,-0.146052593441637,0.610927920845003,G2M,TCM,0.812338116861397
M_iTreg_r2_CGATCGGGTAGGGTAC,Memory,iTreg,D2,2,4998,31561,0.0413828068062993,0.173364839416024,0.0610667551353122,S,TCM,0.767037415838904
M_iTreg_r2_GAACCTAGTCGGCATC,Memory,iTreg,D2,2,4801,26967,0.033004524215679,0.348632631496305,0.361160306481501,G2M,TCM,0.767145264982383
M_iTreg_r2_GACTACATCAACCAAC,Memory,iTreg,D4,2,5155,32378,0.0325848596225716,0.246549151337048,-0.175548631681621,S,TCM,0.673881563481228
M_iTreg_r2_GCACATAGTCCAACTA,Memory,iTreg,D3,2,3734,16727,0.0481855682429605,0.170361953544394,-0.175444755434354,S,TCM,0.764906824235122
M_iTreg_r2_GCCTCTAAGGGAACGG,Memory,iTreg,D2,2,5556,39567,0.0355102866097154,0.0281209641328141,0.549477423015342,G2M,TCM,0.772151015744866
M_iTreg_r2_GGAATAAAGCTACCTA,Memory,iTreg,D2,2,5550,40269,0.0352149402736732,0.36623262627746,0.1011132454328,S,TCM,0.758244720819993
M_iTreg_r2_GGACAAGTCTGCAAGT,Memory,iTreg,D4,2,5066,31305,0.0348517761308459,0.323185945742119,0.343339553484979,G2M,TCM,0.776600200665518
M_iTreg_r2_GGGCATCGTCATACTG,Memory,iTreg,D2,2,5106,29412,0.0355005440696409,0.195360684891624,-0.239388204111127,S,TCM,0.825314399139806
M_iTreg_r2_GTCACGGTCGGAAACG,Memory,iTreg,D1,2,5440,43026,0.0288204532248693,0.231167432994679,0.162110620132751,S,TCM,0.771022820523174
M_iTreg_r2_TAGGCATGTCCGAACC,Memory,iTreg,D3,2,5634,36305,0.0253147122827315,-0.116423666417617,0.687117017781881,G2M,TCM,0.770685467592202
M_iTreg_r2_TCACAAGCACTCTGTC,Memory,iTreg,D4,2,5997,41749,0.0326969602606175,0.096240589944896,0.338010661165195,G2M,TCM,0.805088936081869
M_iTreg_r2_TCATTTGCATCGGAAG,Memory,iTreg,D4,2,3715,20250,0.0244962465428684,0.377863258645246,-0.139591024983221,S,TCM,0.776878601426467
M_iTreg_r2_TGGCTGGGTATGAATG,Memory,iTreg,D4,2,6104,50587,0.0342387221760962,0.217404234022375,0.006058173182491,S,TCM,0.766050985114626
M_iTreg_r2_TGTGTTTCACATCTTT,Memory,iTreg,D1,2,4627,24913,0.0337588310854207,0.256217351066026,-0.0191161834286325,S,TCM,0.895034827590839
M_iTreg_r2_TTAGTTCCACACTGCG,Memory,iTreg,D2,2,3983,20375,0.0350920245398773,0.260658534973544,0.19487876558277,S,TCM,0.771951721151097
M_Th17_r2_CACCAGGGTGGGTCAA,Memory,Th17,D4,2,3349,15515,0.0513084955524043,-0.106610656808942,0.106824696149615,G2M,TCM,0.771729710471207
M_Th17_r2_CTGTGCTTCTTGTTTG,Memory,Th17,D2,2,4405,23672,0.0318124207858048,-0.0134509182379935,-0.219643428291351,G1,TCM,0.701224819893131
M_iTreg_r1_TCAACGATCTATCCTA,Memory,iTreg,D4,1,3518,12464,0.0550385109114249,0.315773616139733,-0.121823059430729,S,TEM,0.799905963472946
M_iTreg_r2_AACACGTTCCTATTCA,Memory,iTreg,D2,2,4755,24578,0.0399560564755666,0.390142948466177,0.193756941628815,S,TCM,0.687388223204809
M_Th17_r2_CGTCTACCATTCCTGC,Memory,Th17,D2,2,3291,14062,0.02481866021903,-0.241332748125423,-0.303820505128787,G1,TCM,0.706218102758116
M_Th17_r2_CTTAGGATCCATTCTA,Memory,Th17,D2,2,5134,30174,0.047128227223014,0.248572343544143,0.239271673048302,S,TCM,0.821489837552667
M_Th17_r1_GACGTTAAGAGTCGGT,Memory,Th17,D1,1,4202,16456,0.0264948954788527,0.542338393086568,0.315555170690787,S,TCM,0.763129690650414
M_Th17_r1_GATCGCGTCAACCATG,Memory,Th17,D1,1,2365,5380,0.0321621119167131,-0.225771175498725,-0.24993613111641,G1,TEM,0.913756818672812
M_Th17_r1_TCTATTGTCAGCTCGG,Memory,Th17,D3,1,4186,16889,0.041565516016342,-0.133665522224298,-0.245965610361968,G1,TEM,0.699725502014645
M_iTreg_r1_GGCAATTGTTTGTGTG,Memory,iTreg,D3,1,4448,19191,0.0359078590785908,0.141646033694922,-0.135537215462806,S,TEM,0.764945232780714
M_iTreg_r1_TCGTACCCACTGAAGG,Memory,iTreg,D2,1,6711,59629,0.0310754834057254,-0.100919276293433,0.61993341870802,G2M,TEM,0.879205209994233
M_iTreg_r2_AGCATACCAATTCCTT,Memory,iTreg,D4,2,3983,20032,0.0254592651757189,0.065555955093703,-0.159139758935099,S,TEM,0.726543747907043
M_iTreg_r2_CGCGTTTCACTTCGAA,Memory,iTreg,D2,2,3653,15293,0.0373373438828222,-0.200305249953046,-0.260932074742402,G1,TCM,0.685103792142066
M_iTreg_r2_GACGCGTAGTAGTGCG,Memory,iTreg,D3,2,3968,16248,0.03631439650397,0.294311211487002,-0.168703032869752,S,TCM,0.7301783128771
M_iTreg_r2_TGTCCCAGTGGAAAGA,Memory,iTreg,D4,2,4901,28565,0.023526940447432,0.301182930525348,0.0944960369107253,S,TCM,0.700586165869261
M_iTreg_r2_TTTGTCACACAAGACG,Memory,iTreg,D4,2,4651,25844,0.0317312901478214,-0.0236858540829175,0.173349616000822,G2M,TCM,0.815157417385052
N_Th2_r1_AGAGTGGAGAGGTAGA,Naive,Th2,D2,1,2749,9228,0.0214564369310793,-0.248460384218303,-0.165348582408166,G1,TN,0.0690421840088612
N_Th17_r1_ATCCACCGTTCGCGAC,Naive,Th17,D3,1,3785,17925,0.0126087926802053,-0.218673066513813,-0.138841911575761,G1,TN,0.0555096176077443
N_Th17_r1_TATCTCAAGTACATGA,Naive,Th17,D4,1,2270,8476,0.0427189048855322,-0.239156961596426,-0.140963282169813,G1,TN,0.0545490779602701
N_iTreg_r1_AGTAGTCAGTCTCAAC,Naive,iTreg,D3,1,5758,35456,0.0111703478040112,-0.245255860769505,-0.220213580772174,G1,TN,0.0512153928695807
N_iTreg_r2_TAGTTGGGTAGCGTCC,Naive,iTreg,D4,2,3761,19962,0.0090189397735244,-0.18196995037439,-0.0574390781579419,G1,TN,0.0215186781703158
M_Th0_r1_GTAGGCCTCGCTAGCG,Memory,Th0,D1,1,3461,22370,0.0144849785407725,0.0437489169593132,-0.0236608029946481,S,TN,0.0548390668800597
M_iTreg_r1_GTCGGGTCAACCGCCA,Memory,iTreg,D1,1,4051,20038,0.0068380334414774,-0.178074036312486,-0.207258288929244,G1,TEM,0.0687227076132661
N_iTreg_r2_AGTGAGGAGTCCAGGA,Naive,iTreg,D1,2,2077,6573,0.0462638867752245,0.249613364649641,0.112928800463099,S,TEMRA,0.490573430102091
M_Th17_r1_CACATAGCACGACTCG,Memory,Th17,D1,1,3293,12871,0.0395554864780852,0.322562621546321,0.285685428312503,S,TEMRA,0.915389580713048
M_Th17_r2_ACCGTAAAGTGATCGG,Memory,Th17,D1,2,4701,28358,0.0269450518445369,0.252956499169511,0.0161223062016562,S,TEMRA,0.9091639064007
N_Th17_r1_GGGATGATCTACCAGA,Naive,Th17,D1,1,2891,8899,0.0439375210697831,0.427390577895269,-0.040274532696608,S,TEMRA,0.756183423959675
M_Th17_r2_AACCATGAGACTACAA,Memory,Th17,D3,2,3983,18772,0.038781163434903,0.29374435533393,-0.167331055630976,S,TEMRA,0.914488800764585
M_Th17_r2_ATCATCTCACGGTAGA,Memory,Th17,D1,2,2643,8474,0.032098182676422,-0.186763251063676,-0.290921376552595,G1,TEMRA,0.955628580164212
M_Th17_r2_CACACAACATTCTCAT,Memory,Th17,D1,2,3583,14226,0.0123022847100176,-0.192746067757858,-0.254543013119054,G1,TEMRA,0.785842009600177
M_Th17_r2_GATTCAGAGCTAAACA,Memory,Th17,D1,2,2385,6950,0.0246078572456469,-0.264350293641058,-0.283648925939139,G1,TEMRA,0.939413776226175
M_Th17_r2_TGGTTCCAGACACTAA,Memory,Th17,D1,2,2125,6377,0.0127078757452149,-0.0361277159735611,-0.267238788004585,G1,TEMRA,0.960055833916768
M_Th17_r1_ACCTTTAAGGGTCTCC,Memory,Th17,D1,1,2132,5411,0.0249491776011828,-0.0920523537913889,-0.267015553833556,G1,TEMRA,0.954124470105118
M_Th17_r1_ACTTTCAAGGACGAAA,Memory,Th17,D1,1,3686,12772,0.01793125048939,-0.0526500779897392,0.641114719369,G2M,TEMRA,0.95395337754474
M_Th17_r1_CATGACATCCTCTAGC,Memory,Th17,D1,1,4235,19166,0.0484190754461025,0.340544640002369,0.304077954354873,S,TEMRA,0.747343559365607
M_Th17_r1_CCTTTCTAGCCGGTAA,Memory,Th17,D1,1,3267,11899,0.038658710816035,-0.246269048616092,-0.260459898199604,G1,TEMRA,0.932242739632887
M_Th17_r1_CGTTAGAAGTCCTCCT,Memory,Th17,D3,1,2378,6680,0.0161700853421171,-0.109119657327512,-0.166420946189506,G1,TEMRA,0.991202028219765
M_Th17_r1_CTTAACTGTGTCAATC,Memory,Th17,D1,1,2252,6526,0.0680459770114943,-0.0604810835003004,-0.140543170911299,G1,TEMRA,0.91059765365609
M_Th17_r1_GACGCGTTCATTGCCC,Memory,Th17,D1,1,2769,9059,0.024064466276631,0.0950863687219696,-0.19253223521689,S,TEMRA,0.958980791830441
M_Th17_r1_GGAACTTCAAGTAATG,Memory,Th17,D1,1,3635,14531,0.0495492395568096,0.281831685211604,-0.0568476381616502,S,TEMRA,0.931425697424494
M_Th17_r1_TGCCCTACATCGATGT,Memory,Th17,D1,1,3400,10879,0.0247265373655667,0.479551191106381,0.17435108766633,S,TEMRA,0.93457098785451
M_Th17_r1_TTTCCTCAGCTAGGCA,Memory,Th17,D1,1,2897,8689,0.0333755322821959,0.349769076302885,0.194318845456837,S,TEMRA,0.738220177541424
N_Th17_r2_GCAGTTATCACTTCAT,Naive,Th17,D1,2,2798,12074,0.0395891999337419,-0.178376731230795,0.308389094458508,G2M,TEMRA,0.829370715948551
N_Th17_r2_GTAACGTTCGCTTAGA,Naive,Th17,D1,2,3668,20281,0.0528573541738573,0.378683732379411,0.129249756854739,S,TEMRA,0.795558067740864
M_iTreg_r1_AAACCTGAGAGTACCG,Memory,iTreg,D1,1,3310,11748,0.0261321075927817,0.112430122418676,0.468014299170143,G2M,TEMRA,0.766498382247571
M_iTreg_r1_ACACTGATCCAAAGTC,Memory,iTreg,D1,1,5019,26137,0.0156495121484599,0.0564394126650877,0.0117638892420564,S,TEMRA,0.938034320172676
M_iTreg_r1_ACGGGCTCAATGTTGC,Memory,iTreg,D1,1,4100,21253,0.0252199689455606,-0.127993852519841,0.496227015309195,G2M,TEMRA,0.899179230494547
M_iTreg_r1_ACTTACTGTAATTGGA,Memory,iTreg,D3,1,3690,12896,0.0478442928039702,0.346636607528036,0.27720931978695,S,TEMRA,0.8308156363056
M_iTreg_r1_AGAGTGGTCCATGAGT,Memory,iTreg,D1,1,3632,14265,0.0232036452856642,0.087399596846103,0.392163320315221,G2M,TEMRA,0.897115527180547
M_iTreg_r1_ATCTACTCAGTAAGAT,Memory,iTreg,D1,1,4504,25040,0.0349854227405248,0.360172707619692,0.268295144001469,S,TEMRA,0.871453035755612
M_iTreg_r1_ATGGGAGCAAGGACAC,Memory,iTreg,D1,1,2046,4966,0.0144985904148208,-0.141960522974857,-0.302319071293079,G1,TEMRA,0.849188934646573
M_iTreg_r1_CAGGTGCAGGCCCTCA,Memory,iTreg,D1,1,3367,10569,0.0177895533686601,0.452851828493281,0.389575477398082,S,TEMRA,0.820231210026105
M_iTreg_r1_CCGGGATAGAGCTTCT,Memory,iTreg,D1,1,4567,21558,0.026765006030244,0.279563745381181,0.150931534266793,S,TEMRA,0.887932792119956
M_iTreg_r1_CCTCTGAGTTACAGAA,Memory,iTreg,D1,1,4836,24981,0.0256995316440495,0.0297234461339906,0.104857302629115,G2M,TEMRA,0.908597656558965
M_iTreg_r1_CTCCTAGCACTATCTT,Memory,iTreg,D1,1,4343,18556,0.0258676438887691,0.29456758761084,0.458402454095365,G2M,TEMRA,0.88513748442092
M_iTreg_r1_CTCTACGAGAGCTGCA,Memory,iTreg,D1,1,2291,6527,0.0225218323885399,0.350996784416859,-0.0649567955448446,S,TEMRA,0.926864572864356
M_iTreg_r1_GAACGGAGTGTGCCTG,Memory,iTreg,D1,1,2300,6818,0.0187738339689058,-0.231618081528419,-0.338898258801727,G1,TEMRA,0.768391065223929
M_iTreg_r1_GACTGCGGTGAACCTT,Memory,iTreg,D1,1,2707,8685,0.0257915947035118,0.298393958695717,0.33996766905506,G2M,TEMRA,0.906233694909518
M_iTreg_r1_GCATGATGTAGCTCCG,Memory,iTreg,D1,1,3677,12647,0.0289396694868348,0.460058559943515,-0.0973100237219233,S,TEMRA,0.89381331820434
M_iTreg_r1_GCATGATTCAGAGACG,Memory,iTreg,D1,1,3286,9534,0.0218166561778897,0.460343103542033,0.144473757086121,S,TEMRA,0.841059792575522
M_iTreg_r1_GGACAAGGTTGGGACA,Memory,iTreg,D1,1,2722,8533,0.0209773819289816,-0.0102892601273646,-0.171766084389516,G1,TEMRA,0.905277216874129
M_iTreg_r1_GTCTTCGGTTCTGTTT,Memory,iTreg,D4,1,4194,14969,0.0157659162268689,-0.0184591645519257,0.451862501035381,G2M,TEMRA,0.89395655572668
M_iTreg_r1_TACGGGCGTCCTCTTG,Memory,iTreg,D1,1,2141,5479,0.0266569289757166,-0.294966883041336,-0.299131631758779,G1,TEMRA,0.879960380938202
M_iTreg_r1_TAGCCGGTCTGCCCTA,Memory,iTreg,D1,1,2292,6989,0.0294791070406411,-0.108298262821209,-0.023359804614364,G1,TEMRA,0.846908483483686
M_iTreg_r1_TATCAGGTCCGGGTGT,Memory,iTreg,D1,1,2612,11254,0.0167940287897636,-0.193721825325895,0.610788417449038,G2M,TEMRA,0.887309109165136
M_iTreg_r1_TCAGCAAAGCCAACAG,Memory,iTreg,D1,1,2151,5709,0.0276755999299352,-0.142442976203748,0.0024187128239481,G2M,TEMRA,0.783665470611342
M_iTreg_r2_AACCGCGTCAACACAC,Memory,iTreg,D1,2,4254,18097,0.0270763109907719,0.087687908325333,0.323301210663117,G2M,TEMRA,0.900898160904466
M_iTreg_r2_AATCCAGGTAATCACC,Memory,iTreg,D1,2,2911,9190,0.0306855277475517,-0.113684493183522,0.704138555744088,G2M,TEMRA,0.822690495999773
M_iTreg_r2_CTGCTGTGTACTCAAC,Memory,iTreg,D1,2,4518,25879,0.0420031685922949,0.166469894235238,-0.213029593667691,S,TEMRA,0.812692960972444
M_iTreg_r2_GAGCAGAGTCAATACC,Memory,iTreg,D1,2,3521,15019,0.0330936209881476,0.187982868938692,-0.141852211312808,S,TEMRA,0.822606603703863
M_iTreg_r2_GGAGCAAAGCAATATG,Memory,iTreg,D1,2,3715,14179,0.0305424278761374,0.231626687159973,0.490182926770046,G2M,TEMRA,0.771165390326945
M_iTreg_r2_GGTGAAGGTTCGAATC,Memory,iTreg,D2,2,2452,6666,0.0280570142535634,-0.113519953961724,-0.303355924934874,G1,TEMRA,0.90461043388425
M_iTreg_r2_GTCCTCATCCGGGTGT,Memory,iTreg,D1,2,3773,16548,0.032090409137608,-0.0128768694520303,0.859849657667394,G2M,TEMRA,0.89777888863616
M_iTreg_r2_GTGAAGGCAATCTACG,Memory,iTreg,D1,2,3187,11888,0.0339867081685875,0.116093668618841,0.453083269426277,G2M,TEMRA,0.830700909782308
M_iTreg_r2_TATCAGGTCAACACAC,Memory,iTreg,D1,2,2587,8028,0.0149476831091181,-0.227840324902545,-0.226356526605796,G1,TEMRA,0.947462118696593
M_iTreg_r2_TCGTAGATCGGACAAG,Memory,iTreg,D1,2,4011,20141,0.0433444218261258,0.385195582057168,0.0944814185373857,S,TEMRA,0.899639319197291
M_iTreg_r2_TGCACCTCAATGGACG,Memory,iTreg,D4,2,5194,31202,0.0344860741642896,0.184124719112294,-0.136000866622362,S,TEMRA,0.909397397207539
M_iTreg_r2_TTGGAACAGCTCCTTC,Memory,iTreg,D1,2,3633,16125,0.0369658252186318,0.274404887337613,-0.101188126326564,S,TEMRA,0.894549528656011
M_iTreg_r1_GCATGATCAAGCGCTC,Memory,iTreg,D1,1,2455,6976,0.0150516055045872,-0.1292043042824,0.0141133904797219,G2M,TEMRA,0.880934952561963
N_Th2_r1_CGTGTCTAGTAACCCT,Naive,Th2,D2,1,3176,11676,0.0275802997858672,0.0615613041229567,-0.177748985525618,S,TN,0.447366979635521
N_Th2_r1_GACTACAGTCTGCCAG,Naive,Th2,D2,1,3817,16966,0.0541703507220749,0.12008089577443,-0.189598217382776,S,TN,0.402385401100379
M_Th2_r1_TGAAAGATCAGTTTGG,Memory,Th2,D1,1,2259,7708,0.040352925911509,-0.216584073823596,-0.197060564148321,G1,TN,0.892505534490503
N_iTreg_r1_CAAGGCCCATCCCATC,Naive,iTreg,D1,1,2707,10283,0.0467762326169406,-0.196996230218442,-0.203990576331322,G1,TN,0.226210094952558
N_iTreg_r1_GCGCCAATCCAAGCCG,Naive,iTreg,D3,1,4578,20682,0.0247570233547701,-0.136531096402315,0.994115696195851,G2M,TN,0.0982893640138498
N_Th17_r2_TGTATTCTCGCCATAA,Naive,Th17,D4,2,3765,20587,0.0457592538618479,-0.064739899672751,-0.231481590501952,G1,TN,0.0900383942328728
M_iTreg_r2_CGACTTCTCACATGCA,Memory,iTreg,D1,2,3692,16394,0.0332458976392363,-0.151080065962356,-0.0335785637890825,G1,TN,0.881430491975027
N_Th17_r2_GGCTGGTCAGATAATG,Naive,Th17,D3,2,3331,15553,0.0614672410467434,-0.235192978169118,0.476179594997488,G2M,TN,0.396645876927056
M_iTreg_r2_CGAGCACTCAGGCCCA,Memory,iTreg,D3,2,3090,13639,0.0371728132561038,-0.0921160357361202,-0.227328976499369,G1,TEM,0.479298345352528
N_Th0_r1_AGTTGGTAGCGCTTAT,Naive,Th0,D3,1,2028,6595,0.0183527984225694,-0.187610514338005,-0.212276473838463,G1,TN,0.0630232877877553
N_Th0_r1_ATGCGATAGTGTGGCA,Naive,Th0,D3,1,6062,45003,0.0221348089872658,-0.220244523022124,0.603505505438129,G2M,TN,0.0921909149927263
N_Th0_r1_CCATGTCTCATCACCC,Naive,Th0,D2,1,4090,18447,0.020547573868257,0.0754629503694214,-0.15811089035871,S,TN,0.815322938797109
N_Th2_r1_AGGCCACCAACTGCTA,Naive,Th2,D2,1,3948,21679,0.0317848410757946,0.153487456451276,-0.0334868728616546,S,TN,0.17757438204973
N_Th2_r1_GCGCGATAGGGTCGAT,Naive,Th2,D2,1,3334,16343,0.0223949091354097,-0.155246464607913,-0.208131793880135,G1,TN,0.219397618652897
N_Th2_r1_TATCAGGCAACACGCC,Naive,Th2,D3,1,3664,16781,0.0546516478931998,0.0267185348617461,0.231097123115191,G2M,TN,0.0958212121970726
N_Th17_r1_AACGTTGAGAGACTTA,Naive,Th17,D2,1,2178,11266,0.0211255103852299,-0.181658198210233,-0.207521336096115,G1,TN,0.0678955272707027
N_Th17_r1_ACTGCTCAGCGCCTTG,Naive,Th17,D2,1,4196,25596,0.0522038136917787,-0.234411687992513,-0.264899455565762,G1,TN,0.0
N_Th17_r1_AGCATACTCCGTCAAA,Naive,Th17,D2,1,3242,16427,0.0316590563165906,-0.104508934248919,0.282978820012658,G2M,TN,0.0262678122663276
N_Th17_r1_ATTTCTGTCTAAGCCA,Naive,Th17,D3,1,3704,14647,0.0361873549091902,0.134705713869442,-0.194734446378782,S,TN,0.0660786695257717
N_Th17_r1_CATGCCTCACATGACT,Naive,Th17,D2,1,4156,21756,0.0418275418275418,0.268488484309353,-0.0639092352012333,S,TN,0.324924674804333
N_Th17_r1_CCACTACGTTCAGTAC,Naive,Th17,D2,1,4019,19198,0.0523492030419835,-0.196434733514255,-0.212317421391986,G1,TN,0.343267980936363
N_Th17_r1_CGGCTAGCACCCATGG,Naive,Th17,D2,1,4682,24130,0.0217175066312997,-0.0902036466421353,0.31531630501582,G2M,TN,0.0704172996245861
N_Th17_r1_CTCGAGGTCTGCTTGC,Naive,Th17,D4,1,3087,14666,0.0426866689396522,-0.0589236697112451,-0.243857199075376,G1,TN,0.0764398891234391
N_Th17_r1_GAACCTAAGACAGAGA,Naive,Th17,D2,1,3577,18782,0.0380171449869549,0.0276558121017922,-0.258172395737334,S,TN,0.235177954876071
N_Th17_r1_GAACCTACACAACGCC,Naive,Th17,D4,1,3655,14675,0.0400027259097724,-0.266427014743305,-0.193193275410568,G1,TN,0.370580960620847
N_Th17_r1_GAACGGACACTTCTGC,Naive,Th17,D4,1,4552,23537,0.0300854119746739,-0.167355462881003,-0.200332836274518,G1,TN,0.070269813639482
N_Th17_r1_GACGTTAAGACAAGCC,Naive,Th17,D2,1,3514,21456,0.0567233745047774,-0.206917593826286,-0.215906067047016,G1,TN,0.0526885145786671
N_Th17_r1_GAGGTGATCAGCCTAA,Naive,Th17,D3,1,4250,22757,0.0493035110076021,-0.176066889926746,-0.198577402933846,G1,TN,0.0549271999690797
N_Th17_r1_GCGCCAATCATAGCAC,Naive,Th17,D1,1,4280,25714,0.0323207965462253,-0.0021700202098776,-0.281115649496477,G1,TN,0.486778366013661
N_Th17_r1_GGGACCTGTCCAGTTA,Naive,Th17,D3,1,3535,14248,0.0300414122271355,-0.134608242003564,0.789878152351084,G2M,TN,0.373347919302063
N_Th17_r1_GTGCGGTGTACCTACA,Naive,Th17,D4,1,3974,18114,0.0245127808756142,0.165292792414723,-0.146824341678756,S,TN,0.185837083441007
N_Th17_r1_GTGTTAGAGATAGCAT,Naive,Th17,D4,1,3482,16179,0.0320806032884164,-0.0591156487964027,-0.248542752875478,G1,TN,0.0877909015022928
N_Th17_r1_TACCTATCACCTCGTT,Naive,Th17,D2,1,4601,20918,0.031172308280742,-0.0064350728187584,-0.207077201271934,G1,TN,0.0742426042622409
N_Th17_r1_TATGCCCAGAAGGTGA,Naive,Th17,D1,1,3321,12963,0.0430489122049066,0.0680259410504918,-0.140870126298056,S,TN,0.250363050467672
N_Th17_r1_TGGCCAGAGCGGATCA,Naive,Th17,D4,1,3281,10291,0.045578231292517,-0.258865725827902,-0.272778789363879,G1,TN,0.0759432037041753
N_Th17_r1_TTAGGCATCCTAAGTG,Naive,Th17,D2,1,4290,25111,0.0209868185257457,-0.0667826961562856,0.210365627874781,G2M,TN,0.0539041289886705
M_Th17_r2_ACGCAGCGTACAGTGG,Memory,Th17,D4,2,3975,19724,0.0306732914216183,-0.111278640306587,-0.289205782986467,G1,TN,0.0810897058084568
M_Th17_r2_CACCACTAGGAATTAC,Memory,Th17,D3,2,2928,9811,0.0164134978081354,-0.256890385709414,-0.231347712948329,G1,TN,0.0530802564167899
N_iTreg_r1_AAAGATGCAATACGCT,Naive,iTreg,D4,1,3568,13727,0.0475010928165525,-0.205249650329379,-0.31422068077153,G1,TN,0.128236642521864
N_iTreg_r1_AAGCCGCGTTGTCTTT,Naive,iTreg,D4,1,2834,11258,0.0051518919879197,-0.300818621488614,-0.264854569215908,G1,TN,0.0682679714387703
N_iTreg_r1_AAGGCAGCAGTCAGCC,Naive,iTreg,D4,1,3434,15718,0.0171152255519501,-0.0765052663581813,-0.241709583022258,G1,TN,0.234245500076102
N_iTreg_r1_ATTTCTGCAAGCCATT,Naive,iTreg,D4,1,3672,16894,0.0211922097910377,-0.20598609044265,-0.277872169977333,G1,TN,0.198207805516508
N_iTreg_r1_CACTCCACAACACGCC,Naive,iTreg,D4,1,2693,10436,0.0128401686469912,-0.202696433249661,-0.237589626484621,G1,TN,0.0379279148704549
N_iTreg_r1_CAGCCGACATCCGCGA,Naive,iTreg,D1,1,2265,6197,0.0656769404550589,-0.0563693459237231,-0.282769076001611,G1,TN,0.0633253884762787
N_iTreg_r1_CCTACCAAGGCGACAT,Naive,iTreg,D4,1,3596,15576,0.0074492679167737,-0.187855476638855,-0.230419957511299,G1,TN,0.0553035167446935
N_iTreg_r1_CCTAGCTCATTCACTT,Naive,iTreg,D4,1,5128,27972,0.036038612799428,0.0776772660612553,0.712070012716911,G2M,TN,0.356140002478602
N_iTreg_r1_CCTTACGGTGACAAAT,Naive,iTreg,D3,1,3268,17908,0.016083994191891,-0.151252073904775,-0.0800015632328575,G1,TN,0.0666731222199757
N_iTreg_r1_CGATGGCTCAACCATG,Naive,iTreg,D1,1,2956,11266,0.0512160482868809,-0.18901969313743,-0.242556591516679,G1,TN,0.0901228716202546
N_iTreg_r1_CGATGTAAGCCAGTTT,Naive,iTreg,D3,1,3959,20287,0.0394873058910525,0.190668411288713,0.0018059457068957,S,TN,0.324562808049467
N_iTreg_r1_CGTTCTGTCAACGCTA,Naive,iTreg,D4,1,3760,17482,0.0176181214963963,0.0367487600394098,-0.245622618790938,S,TN,0.0816547137987774
N_iTreg_r1_GGAATAAGTGCAGACA,Naive,iTreg,D1,1,2772,12044,0.0161089429544134,-0.153186648867884,-0.180874568790968,G1,TN,0.0550275312310397
N_iTreg_r1_GGTGCGTAGGTCATCT,Naive,iTreg,D3,1,2582,9581,0.0205615280242146,0.138950236659509,-0.15991776379521,S,TN,0.213893040352444
N_iTreg_r1_GTAACGTGTCATATGC,Naive,iTreg,D4,1,4127,16917,0.0047880829934385,-0.187022271201781,-0.271318960324669,G1,TN,0.0692705296554338
N_iTreg_r1_GTACGTACATCCGGGT,Naive,iTreg,D4,1,3789,13250,0.0456638236848064,-0.161150242578404,0.598192997468228,G2M,TN,0.127839670128756
N_iTreg_r1_GTCCTCACAGGAATGC,Naive,iTreg,D1,1,2899,12568,0.0383544203071537,-0.231681430050871,-0.211855017823493,G1,TN,0.0627569881989266
N_iTreg_r1_GTCGTAACAAGGTTTC,Naive,iTreg,D4,1,2280,7593,0.005268010009219,-0.181255532772994,-0.106794533192136,G1,TN,0.0631013270716446
N_iTreg_r1_TAAGAGATCAGCGATT,Naive,iTreg,D1,1,3497,13096,0.0624618204031765,0.101237470377009,0.640932174021367,G2M,TN,0.367175446486104
N_iTreg_r1_TAGTTGGCACAGGTTT,Naive,iTreg,D3,1,3118,11595,0.0646023805416595,0.172744729163143,-0.129366763659647,S,TN,0.114252415898339
N_iTreg_r2_AAACCTGGTGCGATAG,Naive,iTreg,D1,2,1764,8488,0.0597384234711912,-0.0562933261393456,-0.197688507459264,G1,TN,0.209611421368222
N_iTreg_r2_ACGATACTCCCAACGG,Naive,iTreg,D1,2,5146,26235,0.0162034389416295,-0.0532269192598989,0.67002455827703,G2M,TN,0.074160602231748
N_iTreg_r2_CATGCCTTCTGCCAGG,Naive,iTreg,D3,2,3598,18971,0.0502425137072965,-0.266451753537583,-0.267422157476813,G1,TN,0.128236641063184
N_iTreg_r2_CCATGTCAGTGGCACA,Naive,iTreg,D4,2,2690,14281,0.0217071633639101,-0.230468321392371,-0.244567317244179,G1,TN,0.0766963973683393
N_iTreg_r2_CCTACACCATCAGTCA,Naive,iTreg,D1,2,3225,14211,0.0325146034203674,-0.217470450369772,-0.226169838026297,G1,TN,0.0566616937783847
N_iTreg_r2_CCTAGCTTCGGATGTT,Naive,iTreg,D4,2,3757,19837,0.0269752432813997,0.0323867097896868,-0.284835166424542,S,TN,0.31878060044857
N_iTreg_r2_CGGACTGAGGAGTCTG,Naive,iTreg,D4,2,2781,10857,0.0211864406779661,0.385467827442022,-0.0102536601986165,S,TN,0.0910179796780665
N_iTreg_r2_CTTAGGACAGACGCCT,Naive,iTreg,D4,2,3182,20947,0.0299861528911808,-0.101404983571613,-0.221561211580104,G1,TN,0.35804882656602
N_iTreg_r2_GACAGAGTCTATGTGG,Naive,iTreg,D1,2,2872,12964,0.0432736809626658,-0.242717021306797,-0.227821033691037,G1,TN,0.206420921142033
N_iTreg_r2_GATGAAACAGCTGCAC,Naive,iTreg,D3,2,3907,21704,0.040602820536455,-0.078863861907189,-0.196623148333313,G1,TN,0.0656262027181081
N_iTreg_r2_GCAGTTAAGGAGTACC,Naive,iTreg,D1,2,3310,17283,0.019962967249161,-0.265796403973642,-0.281793946095798,G1,TN,0.0820860821091102
N_iTreg_r2_TACTCGCTCGGTGTTA,Naive,iTreg,D3,2,3710,21435,0.0179612782831817,-0.0208401540850521,-0.177303311330025,G1,TN,0.0952569664629671
M_Th0_r1_CGTTCTGGTACGCTGC,Memory,Th0,D1,1,2692,11823,0.0299416391778736,0.48457759360371,0.105624644149608,S,TN,0.721155565306867
M_Th0_r1_GGGAGATGTCCAGTAT,Memory,Th0,D1,1,3276,14548,0.0415177343964806,0.0112185903818178,-0.183591162947984,S,TN,0.645510879731805
M_Th17_r1_TAAACCGTCTCGAGTA,Memory,Th17,D3,1,2467,8730,0.011340206185567,0.081589023687434,0.165678528334308,G2M,TN,0.413010343986979
N_Th17_r2_ACGTCAAAGATGCCAG,Naive,Th17,D1,2,4215,34417,0.0313580749222587,-0.179369212190086,-0.203207531935987,G1,TN,0.0476587526090856
N_Th17_r2_ATTATCCAGAATGTGT,Naive,Th17,D2,2,3595,18633,0.0328986207266677,0.177116573799273,0.247412628230524,G2M,TN,0.113513469729853
N_Th17_r2_CAGATCACATGGTAGG,Naive,Th17,D2,2,3968,22084,0.0304773118376959,0.0231276235039631,-0.177470808384379,S,TN,0.338554471255153
N_Th17_r2_CAGTCCTCAGCTTCGG,Naive,Th17,D2,2,2424,17076,0.0261185289294917,-0.164463711299086,-0.173633660902872,G1,TN,0.067509728231772
N_Th17_r2_CTTGGCTGTTACGGAG,Naive,Th17,D2,2,3787,20650,0.0463460700276042,0.14554387076285,-0.212478264688471,S,TN,0.299787010700275
N_Th17_r2_GGGTCTGCAGCGTTCG,Naive,Th17,D2,2,3470,17253,0.0265507246376812,-0.160333881018075,-0.250721301241047,G1,TN,0.0775984880107276
N_Th17_r2_GTACGTACAGAGTGTG,Naive,Th17,D2,2,2227,9219,0.0385074303069747,-0.2233271942245,-0.30827762112216,G1,TN,0.235401025852511
N_Th17_r2_GTCACGGCAAACGCGA,Naive,Th17,D3,2,3522,15714,0.073901973265436,-0.0850591150981106,-0.0342741904856753,G1,TN,0.37049101546739
N_Th17_r2_TTTGGTTTCTCTTGAT,Naive,Th17,D1,2,4206,19358,0.0443319210499122,0.268332455450516,0.136600596230801,S,TN,0.0879959244172728
N_Th17_r2_TTTGTCAGTCGCGTGT,Naive,Th17,D3,2,3178,20106,0.0042775428997761,-0.205946929982862,-0.204283564824564,G1,TN,0.0612185270330466
M_iTreg_r1_GGTGCGTCACACCGCA,Memory,iTreg,D1,1,5193,26209,0.0318629321529421,0.381226650712213,0.0133423829419342,S,TN,0.432420240752289
M_iTreg_r1_TTGCGTCGTGCTCTTC,Memory,iTreg,D2,1,2775,8772,0.0282717738258094,-0.0369326441657049,-0.209273384096476,G1,TN,0.875031327458241
M_iTreg_r2_CGAGAAGAGGCAAAGA,Memory,iTreg,D4,2,2834,10609,0.0500518427750024,0.172675646525218,-0.166713378454204,S,TEM,0.896058744095559
M_iTreg_r2_CTAGCCTCAGATTGCT,Memory,iTreg,D4,2,5076,25789,0.0316426244765007,0.0322970673104424,0.249319884464513,G2M,TN,0.387195404921719
M_iTreg_r2_TCTCATACACACGCTG,Memory,iTreg,D1,2,3708,19210,0.04648862512364,-0.0805196550168322,-0.144628751171239,G1,TN,0.834539538132513
M_iTreg_r1_TCAACGACAGGTCTCG,Memory,iTreg,D2,1,2859,9284,0.0380224041361482,-0.277888993024544,-0.236470498317669,G1,TEM,0.740354607243528
N_Th17_r1_GACTAACAGCCTTGAT,Naive,Th17,D3,1,2858,10399,0.0391383786902587,-0.184747872264206,-0.298181482879657,G1,TCM,0.579178903328986
M_Th17_r2_AGACGTTCAATGTTGC,Memory,Th17,D3,2,2436,8779,0.0651629072681704,-0.192348172542503,-0.163337436088712,G1,TCM,0.763235240182416
M_Th17_r2_AGTGTCACATAGGATA,Memory,Th17,D4,2,2380,6702,0.0058235030610721,-0.2278715671271,-0.178617020242478,G1,TCM,0.936769842785287
M_Th17_r2_GCTGGGTTCGTTTAGG,Memory,Th17,D4,2,3582,16838,0.0286257275210833,0.0782426130320516,-0.218778193336319,S,TCM,0.782256812142698
M_Th17_r2_TCTGAGAGTTCGGCAC,Memory,Th17,D4,2,3695,18033,0.0364927070046032,-0.262089744732027,-0.242453886593989,G1,TCM,0.760276282399764
M_Th17_r2_TTTATGCAGGCCATAG,Memory,Th17,D3,2,3632,15453,0.0484726896194667,-0.293378482264303,-0.285669766660011,G1,TCM,0.7828321451305
M_Th2_r1_GATCAGTTCAATACCG,Memory,Th2,D4,1,2728,8727,0.0198576675849403,-0.0630391687251237,-0.17040364378295,G1,TCM,0.808001416335586
M_Th17_r1_ACCGTAACACTGTGTA,Memory,Th17,D3,1,3136,9239,0.0449328713728887,-0.214143115831046,-0.26381220697125,G1,TCM,0.791371063569462
M_Th17_r1_CCACTACAGGTACTCT,Memory,Th17,D4,1,5061,27504,0.0282504363001745,0.32435219391738,0.0535945581623241,S,TCM,0.776110895483243
M_Th17_r1_GATCGCGGTTAAGATG,Memory,Th17,D4,1,4184,18240,0.0264802631578947,0.375029711909334,0.14994829073647,S,TCM,0.762861218318845
M_Th17_r1_GGGCACTCAGCCTATA,Memory,Th17,D1,1,3098,11620,0.0359724612736661,-0.204034825340041,-0.233714978747946,G1,TCM,0.686310804708699
M_Th17_r1_GTTCTCGTCGGCTTGG,Memory,Th17,D4,1,3812,15779,0.0325749413777806,-0.251512940599376,-0.12241982321506,G1,TCM,0.784458597185504
M_Th17_r1_TACTTGTGTCAATGTC,Memory,Th17,D1,1,3658,13329,0.0268607442977191,-0.20305957041161,-0.203777292448814,G1,TCM,0.778289117445021
M_iTreg_r1_AACTCCCAGCGAAGGG,Memory,iTreg,D2,1,4380,17923,0.0318062608113387,-0.204069107940419,-0.280056920932907,G1,TCM,0.778154345885432
M_iTreg_r1_ATAACGCGTTCGAATC,Memory,iTreg,D1,1,3354,12772,0.0264641403069214,-0.0569249122540738,-0.0423117197362465,G1,TCM,0.730067006007325
M_iTreg_r1_GACTAACTCCGCTGTT,Memory,iTreg,D3,1,2914,8741,0.0143086080586081,-0.243991676096472,0.839542527908664,G2M,TCM,0.769128696838392
M_iTreg_r1_GGTGTTACACATTCGA,Memory,iTreg,D2,1,5318,29360,0.0378078272420723,-0.0147728108967903,0.675650804577649,G2M,TCM,0.786610981557099
M_iTreg_r1_GTAGGCCGTCAGCTAT,Memory,iTreg,D3,1,3310,11467,0.0406383535362344,-0.249509190526656,-0.231994189087219,G1,TCM,0.799173566072225
M_iTreg_r1_GTGCGGTAGTGTACTC,Memory,iTreg,D3,1,3550,12385,0.0172789664917239,-0.171671429538524,-0.202789349690177,G1,TCM,0.781529592722999
M_iTreg_r1_GTTTCTAAGATGTGTA,Memory,iTreg,D2,1,2924,9854,0.0272985589608281,-0.253820877644614,-0.209836398491148,G1,TCM,0.779564677668028
M_iTreg_r1_TCTATTGGTCTCAACA,Memory,iTreg,D3,1,4640,21859,0.0292341476804831,0.0971215673718131,0.568809166371264,G2M,TCM,0.780560904978959
M_iTreg_r1_TGGTTCCGTCTCTCGT,Memory,iTreg,D4,1,3839,13020,0.0266554002150868,0.358677981266343,-0.118829942834887,S,TCM,0.768040942040707
M_iTreg_r2_AGCTCTCAGACTGTAA,Memory,iTreg,D1,2,2460,7316,0.0165390924002187,-0.232541806815232,-0.244465042571772,G1,TCM,0.790234917951057
M_iTreg_r2_CAGATCAAGAGAGCTC,Memory,iTreg,D2,2,2374,7433,0.0216630785791173,-0.151342793472858,-0.25838002386151,G1,TCM,0.722521246872021
M_iTreg_r2_GTAGTCAGTTTGGCGC,Memory,iTreg,D2,2,3588,15621,0.0163881953780168,-0.192663286800737,-0.292345395022583,G1,TCM,0.778823817890032
M_iTreg_r2_GTTAAGCTCCGCTGTT,Memory,iTreg,D2,2,2433,7111,0.0137834036568214,-0.192252589025903,-0.318006123987353,G1,TCM,0.788291686548162
M_iTreg_r2_TCATTACCAGGCGATA,Memory,iTreg,D2,2,3326,12607,0.0291901324660903,-0.100721708508528,-0.265813302352365,G1,TCM,0.790892365525068
M_iTreg_r2_TTCCCAGAGGGCTTGA,Memory,iTreg,D3,2,3411,15112,0.0513499205929063,-0.258455645849107,-0.174096574065163,G1,TCM,0.770821854918756
M_Th17_r1_AGGTCCGGTGTCTGAT,Memory,Th17,D1,1,3525,14544,0.0299112975314584,0.472306941317026,0.409606676839389,S,TCM,0.77262304544057
M_Th17_r1_ACGCCGATCTTCGGTC,Memory,Th17,D4,1,2951,9148,0.0296272001749207,-0.138201626636125,-0.286246394321958,G1,TCM,0.771895990613734
M_Th17_r1_TGCTACCCAAGCGTAG,Memory,Th17,D2,1,3190,11441,0.0396818459924832,-0.168549331368223,-0.305400052030696,G1,TCM,0.791340433858354
M_Th17_r1_ACGATACGTCCGTGAC,Memory,Th17,D4,1,4917,26157,0.036054291722424,0.258818815526765,-0.169972676584475,S,TEM,0.747492008712949
M_Th17_r1_CGACCTTTCTGTTTGT,Memory,Th17,D2,1,3431,11732,0.0215649505625639,-0.277572323115673,-0.1908200765226,G1,TCM,0.758552200415085
M_Th17_r1_CGTAGCGAGGCATGGT,Memory,Th17,D3,1,1903,5491,0.032610675897249,-0.183086494487611,-0.311154357530827,G1,TCM,0.762716698356246
M_iTreg_r1_CCGGTAGTCACGACTA,Memory,iTreg,D2,1,4216,18652,0.0445576407506702,0.312243865656415,-0.0617016661129689,S,TEM,0.870565933009701
M_iTreg_r1_GACTAACCACCGATAT,Memory,iTreg,D3,1,3166,10754,0.0325520833333333,-0.150704770672118,-0.276755769863721,G1,TCM,0.802732418705013
M_iTreg_r2_ACTGATGGTGTAATGA,Memory,iTreg,D3,2,5082,26409,0.0284762193274765,0.393457971383651,0.144013215665322,S,TEM,0.898324693862182
M_iTreg_r2_AGGTCATCAAACAACA,Memory,iTreg,D2,2,3391,13957,0.0361825607222182,-0.187081813076435,-0.216737217583017,G1,TCM,0.79578156282025
M_iTreg_r2_ATAGACCCATTCCTGC,Memory,iTreg,D2,2,2545,8021,0.0344139650872818,-0.220103774970575,-0.269083967841891,G1,TCM,0.71331884559509
M_iTreg_r2_CGGACTGCATCTCGCT,Memory,iTreg,D2,2,4437,22579,0.0166984098861673,0.0852552704480714,-0.233517190202998,S,TEM,0.891995044584818
M_iTreg_r2_GAATGAAGTGCTCTTC,Memory,iTreg,D1,2,1711,5150,0.0196116504854369,-0.10327828874497,-0.164426298032252,G1,TN,0.694410208534471
M_iTreg_r2_TACACGACAAGCGTAG,Memory,iTreg,D1,2,2505,6592,0.0427791262135922,-0.147030035523004,-0.24433408733864,G1,TCM,0.819149769436228
M_Th17_r1_CGATTGAGTACAGTTC,Memory,Th17,D1,1,4854,26557,0.0274503897277554,0.305006801410101,0.259563758928247,S,TCM,0.780261619345502
M_iTreg_r2_AGCAGCCCATGGTTGT,Memory,iTreg,D1,2,2647,9280,0.0131465517241379,-0.290622699573658,-0.259277420001717,G1,TN,0.363857618508371
M_Th17_r2_CAGATCAGTACCATCA,Memory,Th17,D2,2,2883,15415,0.0200493122242409,-0.163845032526615,-0.230627133486024,G1,TCM,0.859564162500995
M_Th17_r1_CCGGTAGTCTCGAGTA,Memory,Th17,D1,1,3177,11017,0.0560094408133624,-0.0736031289405809,0.905243326445521,G2M,TCM,0.759792125016576
M_Th17_r1_GTAACTGCATACTCTT,Memory,Th17,D2,1,4358,17572,0.0318155947638019,-0.0896387681810902,1.0229713793006,G2M,TCM,0.781104979588118
M_iTreg_r1_GACGTTATCTGTACGA,Memory,iTreg,D3,1,3526,11408,0.0257759074171489,-0.184355097546527,-0.246972902640658,G1,TCM,0.823156054374453
M_iTreg_r1_TGAGCATAGTATCTCG,Memory,iTreg,D1,1,2966,8489,0.0290964777947933,0.069316402272105,-0.215301148823529,S,TCM,0.811598687817955
M_Th17_r2_GCATGCGCACGACGAA,Memory,Th17,D4,2,4127,22200,0.0248209378800847,0.105829722358378,-0.0909198736644992,S,TCM,0.729523571509737
M_Th17_r1_CACATTTAGAAGCCCA,Memory,Th17,D2,1,4333,22973,0.0293400661675083,0.223904062334936,0.113797082108044,S,TCM,0.685508718165611
N_Th17_r2_ATTACTCTCAGCTCGG,Naive,Th17,D4,2,3271,16811,0.0054131223603592,-0.101125350351952,0.0123230394062192,G2M,TCM,0.374815897939175
M_iTreg_r1_AGAATAGTCAGCGATT,Memory,iTreg,D2,1,4219,17198,0.0194208628910338,-0.105656084866824,0.218241790363056,G2M,TCM,0.768985690384668
M_iTreg_r2_AACTCTTTCACGCATA,Memory,iTreg,D3,2,4691,29261,0.0468915547352951,0.067250045249412,-0.0632753576056538,S,TCM,0.774705174196596
M_Th0_r1_CTAGCCTGTCCCTTGT,Memory,Th0,D2,1,4683,22547,0.0034594402803033,-0.0924364939125745,0.72872729398011,G2M,TEM,0.831114075605533
M_Th17_r1_GACGTGCGTCGATTGT,Memory,Th17,D4,1,3424,12753,0.0514429109159348,-0.0104340743260529,0.490713006732404,G2M,TEM,0.391017046634359
M_iTreg_r1_TTTCCTCCATCGTCGG,Memory,iTreg,D3,1,3637,13313,0.0368061293472546,-0.0620793153725346,0.0851378375948471,G2M,TCM,0.776887186390525
M_Th17_r2_ACGATACTCAGCAACT,Memory,Th17,D3,2,4811,30607,0.0315645013723696,-0.137527033585361,0.10115047159317,G2M,TEM,0.935083271810908
M_Th17_r2_TCAGGATCATATACCG,Memory,Th17,D3,2,5613,34797,0.0398378891092524,-0.0314140400681698,0.401478796640308,G2M,TCM,0.916874853591404
M_Th17_r1_GTGCTTCGTGGCCCTA,Memory,Th17,D1,1,3463,12236,0.0236188296829029,-0.166485408504268,0.488558977014496,G2M,TEM,0.769000181164637
M_iTreg_r1_AGAGCTTTCTCTAGGA,Memory,iTreg,D4,1,3750,14421,0.0248249081201026,-0.026105968646695,-0.10792787131074,G1,TEM,0.763052454397657
M_iTreg_r1_GAATAAGCACATTTCT,Memory,iTreg,D4,1,4133,16977,0.0152568331762488,-0.252627870871779,-0.341587187666792,G1,TEM,0.9236298052605
M_iTreg_r1_GCGCCAACATCGATTG,Memory,iTreg,D3,1,5342,31735,0.0390982185085922,0.100309931886224,-0.131835349344183,S,TCM,0.888323382465507
M_iTreg_r2_GGACAAGGTTCGTGAT,Memory,iTreg,D4,2,4013,16877,0.0379214315340404,-0.201196816325007,-0.278954269725522,G1,TEM,0.802718467221797
M_iTreg_r2_TGTATTCTCTTGAGGT,Memory,iTreg,D2,2,4573,22395,0.0382743066410611,0.0129292085367559,-0.270179307564923,S,TCM,0.803419209216147
M_iTreg_r1_TCCACACGTGCAACTT,Memory,iTreg,D2,1,6455,45770,0.034848153812541,0.0738928004606953,0.369459988908977,G2M,TEM,0.8426001307068
M_Th0_r1_CAAGATCGTCTAAACC,Memory,Th0,D4,1,2190,6782,0.0367256637168142,-0.137954891397603,-0.226165046255713,G1,TN,0.721332028418585
M_iTreg_r2_TCTATTGGTAAAGGAG,Memory,iTreg,D1,2,2532,8497,0.0347222222222222,-0.131224753548648,-0.245117694971235,G1,TEM,0.383685566593089
M_Th17_r1_GCATGCGGTCACTTCC,Memory,Th17,D3,1,3234,10892,0.0251606978879706,0.325793532326676,0.0729313491260049,S,TEM,0.433408663467628
N_Th17_r1_CGAGCCAGTTCCATGA,Naive,Th17,D1,1,2816,10688,0.0495883233532934,-0.149079226397754,-0.202619406055557,G1,TEM,0.0615506085725511
N_Th17_r1_TGGCTGGAGCGTGAAC,Naive,Th17,D2,1,3467,14493,0.025529565997378,-0.0163858733749493,-0.21605961106037,G1,TEM,0.757319960435298
M_Th17_r2_ACTTTCATCTACGAGT,Memory,Th17,D2,2,3786,14134,0.0305667586499682,-0.243198695517955,-0.325452384253161,G1,TEM,0.757056124269845
M_Th17_r2_AGGGAGTTCACCATAG,Memory,Th17,D3,2,4191,25222,0.0530594440258556,0.0738286163819947,-0.200155150132429,S,TEM,0.861326638937862
M_Th17_r2_ATGAGGGAGACGACGT,Memory,Th17,D3,2,2556,8796,0.0310403638430927,-0.12558893927418,-0.236908440100977,G1,TEM,0.938634189128338
M_Th17_r2_CGATGTAAGAGCCCAA,Memory,Th17,D3,2,2224,8749,0.0380614927420277,-0.231016992617701,-0.247035668925883,G1,TEM,0.418438693532763
M_Th17_r2_CTAATGGGTTATGCGT,Memory,Th17,D3,2,5125,35886,0.0304575600512735,-0.230428798636517,-0.301468772298504,G1,TEM,0.488790542123497
M_Th17_r2_CTCGGGATCCACTGGG,Memory,Th17,D4,2,3577,16832,0.042597433460076,0.0976672365872556,-0.258179938742462,S,TEM,0.771807723306116
M_Th17_r2_CTTACCGTCCACTCCA,Memory,Th17,D2,2,5671,39612,0.0396607003105198,0.194740719977578,-0.0098729323885533,S,TEM,0.417963093825601
M_Th17_r2_GCGACCAGTATAGTAG,Memory,Th17,D2,2,5596,43359,0.0356566262281471,0.223517473736841,0.0306505420750805,S,TEM,0.747707680595098
M_Th17_r2_GTATTCTGTAGGGACT,Memory,Th17,D4,2,4635,29284,0.0390697039035552,0.0644434246708381,-0.172556886880873,S,TEM,0.864594819208518
M_Th17_r2_GTCTTCGCATCGACGC,Memory,Th17,D4,2,3950,19825,0.0286031377692579,-0.228227399683896,-0.197093944422524,G1,TEM,0.378382231970741
M_Th17_r2_GTTACAGCAAAGGCGT,Memory,Th17,D3,2,4368,22315,0.0339248902034597,-0.0527942644479024,-0.299865624468554,G1,TEM,0.340008396093791
M_Th17_r2_TATTACCCACGCATCG,Memory,Th17,D3,2,4725,24898,0.0345007631135031,0.124005012389131,-0.0828459464863603,S,TEM,0.813690712119233
M_Th17_r2_TCGTAGATCTGTCAAG,Memory,Th17,D3,2,2559,11419,0.0005254400560469,-0.126624537408809,-0.277237629525214,G1,TEM,0.0775697870445655
M_Th17_r2_TTGCCGTAGACTTGAA,Memory,Th17,D2,2,4151,21310,0.0619045384146055,-0.0359012032620033,-0.240238619990365,G1,TEM,0.813690706209842
N_iTreg_r1_TTGCCGTAGATGAGAG,Naive,iTreg,D3,1,3589,11760,0.012843412435145,-0.295583243961865,-0.311226112018464,G1,TEM,0.11666472711652
N_iTreg_r2_CGCCAAGCAGAAGCAC,Naive,iTreg,D3,2,1791,5180,0.0567786790266512,-0.154269733481486,-0.267554715785977,G1,TEM,0.367334053449378
M_Th0_r1_AGCGTCGAGAAACGAG,Memory,Th0,D3,1,1995,5994,0.0195195195195195,-0.181362059349315,-0.203636293138287,G1,TEM,0.898623812880922
M_Th17_r1_ACGAGGAGTTCACGGC,Memory,Th17,D3,1,3828,15387,0.0403016120644826,-0.179175474154044,-0.276868159417762,G1,TEM,0.411309894747128
M_Th17_r1_ACTTTCACAGCTGCAC,Memory,Th17,D2,1,4808,21294,0.023153148922181,0.305243784810144,-0.0283604160364791,S,TEM,0.92207664169292
M_Th17_r1_AGAATAGCAAGTCTAC,Memory,Th17,D4,1,4297,23705,0.0429499620285208,-0.15980531169275,-0.31352663175586,G1,TEM,0.926808624508433
M_Th17_r1_AGGGATGCAGGACCCT,Memory,Th17,D4,1,3094,9354,0.0198845413726748,-0.147441698683604,-0.231231494845953,G1,TEM,0.692411105077779
M_Th17_r1_ATTATCCGTAGAAAGG,Memory,Th17,D2,1,4232,20435,0.0564255652344132,-0.170002616938737,-0.299989085121718,G1,TEM,0.859415016215183
M_Th17_r1_ATTGGTGAGCCCGAAA,Memory,Th17,D3,1,3296,11912,0.0402955003357958,-0.112997215157237,-0.262900586144117,G1,TEM,0.912029581460088
M_Th17_r1_CAGTCCTGTCATATGC,Memory,Th17,D2,1,4159,19005,0.0379513633014001,-0.212100649903233,-0.154539974153554,G1,TEM,0.413324905689655
M_Th17_r1_CATCGGGAGCCACTAT,Memory,Th17,D3,1,3553,12003,0.0254124312614564,-0.255729910832162,-0.250969492690402,G1,TEM,0.910429927885893
M_Th17_r1_CCTACCAAGCAGATCG,Memory,Th17,D4,1,3856,18858,0.0218486503685634,-0.173595853232236,-0.19623771747099,G1,TEM,0.456101470717142
M_Th17_r1_CTGATAGTCTAACGGT,Memory,Th17,D3,1,3270,10397,0.0464646464646465,-0.193908856666212,-0.229634466636485,G1,TEM,0.387457982518651
M_Th17_r1_GACGCGTCACGGACAA,Memory,Th17,D4,1,4467,21672,0.0206737425011537,-0.282060588648377,-0.270894174384269,G1,TEM,0.44524792546583
M_Th17_r1_GAGGTGACATTGTGCA,Memory,Th17,D4,1,1532,5896,0.0201831750339213,0.122759871690659,-0.0318205642989739,S,TEM,0.681104681136306
M_Th17_r1_GCGCAACTCACGGTTA,Memory,Th17,D1,1,5128,25459,0.0410087202451096,0.296520754651656,0.176437004815582,S,TEM,0.728709421795166
M_Th17_r1_GGACAAGCATTGGTAC,Memory,Th17,D3,1,3679,15847,0.0229725465446513,-0.166431036918465,-0.228381131024653,G1,TEM,0.900940345996697
M_Th17_r1_GTCACAAAGCTCCTTC,Memory,Th17,D2,1,4810,22619,0.0384292221288639,-0.224540939397462,-0.292231035025619,G1,TEM,0.408783506188168
M_Th17_r1_GTCATTTGTGGCGAAT,Memory,Th17,D2,1,3312,12020,0.0213013812614412,-0.254786550118619,-0.186896511520415,G1,TEM,0.758119920655782
M_Th17_r1_GTGTTAGTCGCATGGC,Memory,Th17,D3,1,4570,26946,0.0326220077936537,-0.174395079775123,-0.251122864523436,G1,TEM,0.497246103570165
M_Th17_r1_TACCTTATCAGTCAGT,Memory,Th17,D4,1,3545,10754,0.034591779802864,-0.309496036229214,-0.255157678915103,G1,TEM,0.416922374971833
M_Th17_r1_TGACGGCAGGGTTCCC,Memory,Th17,D2,1,4310,21812,0.0399798266929531,-0.240264580071759,-0.254559469410979,G1,TEM,0.812445794367021
M_Th17_r1_TGTTCCGCACTGAAGG,Memory,Th17,D4,1,3626,15427,0.0325424607805005,-0.249991904898213,-0.236218271744582,G1,TEM,0.412981358895256
M_Th17_r1_TTGTAGGTCCTTTACA,Memory,Th17,D3,1,4366,19367,0.0275224620468863,-0.334937875124584,-0.271907814074408,G1,TEM,0.905823723598642
M_iTreg_r1_AAACGGGAGTATGACA,Memory,iTreg,D1,1,3390,12488,0.0427644750540562,-0.197942906323127,-0.210462820117551,G1,TEM,0.881920442950668
M_iTreg_r1_AAATGCCCAGCCTATA,Memory,iTreg,D4,1,3346,12352,0.0301214574898785,-0.201880414069805,-0.250627428574519,G1,TEM,0.90610944902352
M_iTreg_r1_AACTCTTGTCTCTTTA,Memory,iTreg,D2,1,3594,13703,0.0157641220259816,-0.229424521307977,-0.239852382747634,G1,TEM,0.739137136626031
M_iTreg_r1_ACTGTCCAGGCTATCT,Memory,iTreg,D3,1,4416,20054,0.0224904004388371,-0.154980466898437,-0.279839576600852,G1,TEM,0.880506959274188
M_iTreg_r1_CAACCAACACGAGGTA,Memory,iTreg,D4,1,3201,11507,0.0325019553315373,-0.221152242224225,-0.167997086935875,G1,TEM,0.898201708620793
M_iTreg_r1_CAAGAAACAATGGAGC,Memory,iTreg,D2,1,4743,21130,0.0331755797444392,-0.158250724539226,-0.269477676738582,G1,TEM,0.91712844422879
M_iTreg_r1_CACACTCCACGAGAGT,Memory,iTreg,D4,1,3192,11589,0.0216584692380706,-0.162124640209867,-0.150495312260605,G1,TEM,0.875310952605769
M_iTreg_r1_CAGATCACACTGTCGG,Memory,iTreg,D2,1,3805,15690,0.0549429536618013,-0.144243039939249,-0.0806001219153372,G1,TEM,0.887409557090998
M_iTreg_r1_CAGTCCTTCACGGTTA,Memory,iTreg,D1,1,6495,38064,0.0312393263445522,0.149841320270178,-0.0171474308096241,S,TEM,0.918052881129676
M_iTreg_r1_CATATTCAGCCCAGCT,Memory,iTreg,D1,1,5823,31806,0.0366283091240646,0.326648820689291,-0.056960540519417,S,TEM,0.878114894103668
M_iTreg_r1_CATCAGATCGAACTGT,Memory,iTreg,D3,1,4414,21094,0.0513963301882319,0.376640091851326,-0.114111399600338,S,TEM,0.88176751190806
M_iTreg_r1_CATCGAACAGATGAGC,Memory,iTreg,D4,1,3450,13015,0.034959661928544,-0.283661333574236,-0.239137189278895,G1,TEM,0.432068853308706
M_iTreg_r1_CCAGCGAGTCTTCAAG,Memory,iTreg,D4,1,4114,15320,0.0277451364407886,0.4452309913485,-0.0314245114764334,S,TEM,0.806158070164219
M_iTreg_r1_CCTACCACATTCTTAC,Memory,iTreg,D1,1,2348,6082,0.0116776315789474,-0.213675433318216,-0.251790219399001,G1,TEM,0.387565391951355
M_iTreg_r1_CGGAGTCTCCAGTAGT,Memory,iTreg,D1,1,4611,23106,0.0405089587120228,0.328582882322471,0.453791509919066,G2M,TEM,0.806755867467743
M_iTreg_r1_CGGGTCATCCGAATGT,Memory,iTreg,D1,1,4095,14306,0.0406123304907032,-0.152725862110844,-0.280203807919682,G1,TEM,0.912505764221491
M_iTreg_r1_CGTCCATCAGACAAAT,Memory,iTreg,D4,1,4076,16541,0.0274469500030228,-0.26306974086993,-0.271521331133476,G1,TEM,0.875984685637566
M_iTreg_r1_CTACACCTCCACGTGG,Memory,iTreg,D4,1,5931,32903,0.0482385482841424,0.227912537858044,0.0535865671498315,S,TEM,0.895247592530594
M_iTreg_r1_GAACGGAGTGAGTATA,Memory,iTreg,D3,1,4764,23977,0.0364948281614948,0.231982092119536,0.486866878633203,G2M,TEM,0.801305249578595
M_iTreg_r1_GACTACATCCTTGCCA,Memory,iTreg,D4,1,3578,15065,0.0148025224029207,-0.335053029589544,-0.18041344257918,G1,TEM,0.408665617409929
M_iTreg_r1_GACTGCGGTAGCGATG,Memory,iTreg,D4,1,4246,18287,0.0276152458030295,0.406473518599352,-0.140651468262862,S,TEM,0.918436590416952
M_iTreg_r1_GGAATAAGTTAGGGTG,Memory,iTreg,D2,1,4876,22583,0.0239571340005314,-0.138460865489388,0.700967586041654,G2M,TEM,0.834708925120634
M_iTreg_r1_GTCACAACAGCCTTTC,Memory,iTreg,D2,1,2719,5934,0.0300016854879488,-0.18537332180727,-0.289843500288546,G1,TEM,0.877953091391561
M_iTreg_r1_TCGCGTTGTGAGGGAG,Memory,iTreg,D3,1,3335,10421,0.0152620464580534,-0.307066405888441,-0.309343756181991,G1,TEM,0.424578770988007
M_iTreg_r1_TGACAACTCTAACTGG,Memory,iTreg,D3,1,3290,13491,0.011119347664937,-0.0425554236434846,-0.203227134884261,G1,TEM,0.873051714282125
M_iTreg_r1_TTGGAACGTGTTCTTT,Memory,iTreg,D1,1,4120,15670,0.0301869934265109,0.369323343386814,0.115316946337311,S,TEM,0.887716736821344
M_iTreg_r2_ACGCCGAGTGATAAAC,Memory,iTreg,D4,2,2650,9226,0.0314363143631436,-0.212138159489384,-0.242689413488124,G1,TEM,0.916389058928717
M_iTreg_r2_AGCGTATAGCTATGCT,Memory,iTreg,D4,2,5540,36045,0.0306292309399623,-0.122230536189094,-0.291965025174932,G1,TEM,0.928437985710989
M_iTreg_r2_AGCGTCGAGAAACGCC,Memory,iTreg,D2,2,4107,18893,0.0442056223198687,0.400262851250967,0.0174072877191468,S,TEM,0.825491827089227
M_iTreg_r2_AGTCTTTTCTGCGACG,Memory,iTreg,D3,2,4260,20796,0.04025199576801,0.0984369764318608,-0.0566358016247666,S,TEM,0.952897476223972
M_iTreg_r2_ATCATCTCACGGATAG,Memory,iTreg,D1,2,3819,16562,0.0186571670088154,0.133597884111526,0.513888594834212,G2M,TEM,0.393858904337706
M_iTreg_r2_CCCAATCGTAGCGCTC,Memory,iTreg,D1,2,3864,17850,0.0198330438680038,0.0451351397245536,0.277039344736864,G2M,TEM,0.890959873402216
M_iTreg_r2_CTAGCCTCATGTAGTC,Memory,iTreg,D1,2,3841,16216,0.0223263846058961,0.0432153460153558,-0.217037341257206,S,TEM,0.897912407309398
M_iTreg_r2_CTCGAAAGTGTAAGTA,Memory,iTreg,D2,2,4026,16259,0.0360460109491296,0.289386653065412,-0.106821461772021,S,TEM,0.87590783650201
M_iTreg_r2_GCATACACATCATCCC,Memory,iTreg,D3,2,5431,33462,0.0555871014016317,0.277454907455749,-0.064516792954374,S,TN,0.888774957066118
M_iTreg_r2_GGAACTTGTCTCCACT,Memory,iTreg,D3,2,3463,13878,0.0293291057144916,-0.210141312423485,-0.206036611922014,G1,TEM,0.697640604338544
M_iTreg_r2_GTCACGGAGATCCCGC,Memory,iTreg,D1,2,2512,7607,0.0161714435971601,-0.188832406789181,-0.298758120407141,G1,TEM,0.398948867019145
M_iTreg_r2_GTGGGTCAGTGGGATC,Memory,iTreg,D2,2,4466,25602,0.0478887543455334,0.137481680949145,-0.198448288816062,S,TCM,0.905752919089665
M_iTreg_r2_TCGAGGCGTCAAAGAT,Memory,iTreg,D4,2,4184,19147,0.0235036038859292,-0.272980405582003,-0.257085478297166,G1,TEM,0.879334346589925
M_iTreg_r2_TCGCGAGGTGCAACTT,Memory,iTreg,D4,2,3823,15027,0.0220270180342051,0.41302977573419,0.257932917727159,S,TEM,0.888102665739513
M_iTreg_r2_TCGTACCAGGTGGGTT,Memory,iTreg,D1,2,4054,15939,0.0292382984063245,0.395395219443257,-0.0882063816996639,S,TEM,0.905234111415368
M_iTreg_r2_TCTTCGGAGCTGCCCA,Memory,iTreg,D4,2,3204,13615,0.0282817894659517,-0.214178881908794,-0.210391021277142,G1,TEM,0.955857733603159
